draw_date,ball_1,ball_2,ball_3,ball_4,ball_5,lucky_star_1,lucky_star_2,jackpot,winners
2004-12-31,07,08,24,25,47,08,09,,0
2004-12-24,03,04,27,29,37,05,06,,0
2004-12-17,15,19,22,46,49,02,09,,0
2004-12-10,01,03,13,16,43,02,07,,0
2004-12-03,01,11,15,42,49,03,04,,0
2004-11-26,01,04,24,34,36,06,08,,0
2004-11-19,01,18,29,34,37,02,06,,0
2004-11-12,04,11,12,13,32,03,09,,0
2004-11-05,06,19,25,42,49,01,07,,0
2004-10-29,01,08,32,35,38,04,09,,0
2004-10-22,01,09,23,25,40,03,09,,0
2004-10-15,14,21,22,37,43,05,08,,0
2004-10-08,01,10,12,16,48,02,06,,0
2004-10-01,12,20,21,45,48,05,06,,0
2004-09-24,21,26,27,44,48,01,07,,0
2004-09-17,15,18,29,39,41,05,08,,0
2004-09-10,05,25,33,36,38,02,05,,0
2004-09-03,08,12,14,15,34,06,07,,0
2004-08-27,01,11,22,28,44,01,09,,0
2004-08-20,06,09,10,27,35,06,08,,0
2004-08-13,20,27,41,43,50,05,08,,0
2004-08-06,05,15,24,35,44,05,06,,0
2004-07-30,09,10,19,37,50,01,06,,0
2004-07-23,07,10,27,31,34,03,08,,0
2004-07-16,24,26,31,38,50,05,08,,0
2004-07-09,02,05,12,19,44,08,09,,0
2004-07-02,04,23,24,28,34,01,03,,0
2004-06-25,03,21,30,34,35,01,02,,0
2004-06-18,02,23,28,40,43,02,06,,0
2004-06-11,02,07,08,10,47,01,07,,0
2004-06-04,09,13,34,41,42,03,07,,0
2004-05-28,06,11,35,41,44,05,06,,0
2004-05-21,15,29,37,39,49,04,09,,0
2004-05-14,01,03,21,32,39,02,06,,0
2004-05-07,15,16,21,36,38,01,05,,0
2004-04-30,05,06,16,23,27,06,07,,0
2004-04-23,06,10,21,45,49,03,05,,0
2004-04-16,14,15,28,35,40,01,03,,0
2004-04-09,01,04,10,19,23,02,08,,0
2004-04-02,04,12,24,27,36,02,09,,0
2004-03-26,03,04,10,23,43,02,04,,0
2004-03-19,33,36,37,42,45,04,09,,0
2004-03-12,15,24,28,44,47,04,05,,0
2004-03-05,04,07,33,37,39,01,05,,0
2004-02-27,14,18,19,31,37,04,05,,0
2004-02-20,07,13,39,47,50,02,05,,0
2004-02-13,16,29,32,36,41,07,09,,0
2005-12-30,08,16,19,43,45,01,04,,0
2005-12-23,15,31,36,37,42,01,07,,0
2005-12-16,02,03,15,18,32,06,07,,0
2005-12-09,11,18,35,38,42,01,05,,0
2005-12-02,01,09,20,23,30,04,07,,0
2005-11-25,01,06,27,39,47,01,06,,0
2005-11-18,17,18,25,34,48,02,03,,0
2005-11-11,15,16,36,41,42,03,05,,0
2005-11-04,26,36,37,38,42,02,06,,0
2005-10-28,14,36,44,47,50,03,05,,0
2005-10-21,01,14,19,29,33,01,08,,0
2005-10-14,10,11,19,20,23,01,06,,0
2005-10-07,02,13,21,26,44,03,09,,0
2005-09-30,06,11,47,48,50,01,06,,0
2005-09-23,01,26,31,34,47,04,09,,0
2005-09-16,12,13,19,21,38,03,09,,0
2005-09-09,08,12,19,31,50,06,07,,0
2005-09-02,03,04,14,43,50,03,06,,0
2005-08-26,09,29,35,40,41,01,06,,0
2005-08-19,11,24,29,31,41,01,03,,0
2005-08-12,15,23,30,37,40,07,09,,0
2005-08-05,02,11,21,22,30,04,06,,0
2005-07-29,03,19,26,49,50,04,05,,0
2005-07-22,03,14,41,48,49,01,04,,0
2005-07-15,01,11,12,23,42,03,06,,0
2005-07-08,35,36,42,46,49,02,08,,0
2005-07-01,04,05,23,25,28,03,04,,0
2005-06-24,06,08,14,15,45,07,08,,0
2005-06-17,04,08,10,18,21,01,07,,0
2005-06-10,06,07,32,37,47,01,07,,0
2005-06-03,03,08,11,17,50,01,05,,0
2005-05-27,02,24,31,48,50,04,09,,0
2005-05-20,06,07,13,28,47,05,08,,0
2005-05-13,12,17,31,32,40,02,09,,0
2005-05-06,07,12,21,26,44,06,08,,0
2005-04-29,03,09,35,39,42,01,08,,0
2005-04-22,03,10,13,24,47,05,09,,0
2005-04-15,06,28,31,38,42,03,09,,0
2005-04-08,07,11,25,31,50,01,03,,0
2005-04-01,25,26,41,44,47,03,07,,0
2005-03-25,04,29,33,37,38,06,09,,0
2005-03-18,06,23,39,43,48,05,07,,0
2005-03-11,08,12,23,40,43,01,04,,0
2005-03-04,12,24,32,37,39,07,09,,0
2005-02-25,03,27,30,43,44,04,08,,0
2005-02-18,20,21,26,32,46,08,09,,0
2005-02-11,11,13,25,32,50,04,07,,0
2005-02-04,01,08,11,30,40,07,08,,0
2005-01-28,07,21,26,43,45,05,07,,0
2005-01-21,10,12,14,24,26,05,08,,0
2005-01-14,06,11,14,19,29,01,03,,0
2005-01-07,03,23,27,47,50,02,03,,0
2006-12-29,06,09,13,14,35,03,04,,0
2006-12-22,09,11,20,38,43,02,03,,0
2006-12-15,09,23,35,37,42,03,07,,0
2006-12-08,16,17,18,36,47,01,02,,0
2006-12-01,04,08,16,37,41,02,05,,0
2006-11-24,05,08,17,25,40,01,05,,0
2006-11-17,12,22,32,33,36,02,06,,0
2006-11-10,14,21,27,30,36,02,03,,0
2006-11-03,11,13,24,44,49,03,09,,0
2006-10-27,03,04,08,44,50,07,08,,0
2006-10-20,10,19,34,45,47,03,06,,0
2006-10-13,02,25,32,38,41,03,05,,0
2006-10-06,05,11,22,35,38,07,08,,0
2006-09-29,01,03,06,18,24,05,08,,0
2006-09-22,10,29,30,45,49,03,08,,0
2006-09-15,06,10,16,26,49,07,09,,0
2006-09-08,01,10,12,32,33,01,08,,0
2006-09-01,03,07,25,45,50,06,09,,0
2006-08-25,10,28,40,47,48,06,08,,0
2006-08-18,12,37,39,40,50,01,02,,0
2006-08-11,27,28,31,46,47,02,05,,0
2006-08-04,01,14,15,26,32,03,07,,0
2006-07-28,03,08,12,29,43,06,07,,0
2006-07-21,02,04,09,38,50,06,08,,0
2006-07-14,01,07,17,31,36,02,08,,0
2006-07-07,07,09,18,35,43,05,07,,0
2006-06-30,06,15,16,40,43,01,02,,0
2006-06-23,09,21,30,43,44,01,09,,0
2006-06-16,01,16,26,30,36,03,09,,0
2006-06-09,03,12,15,34,39,04,06,,0
2006-06-02,07,08,27,41,48,01,06,,0
2006-05-26,02,12,21,41,49,03,07,,0
2006-05-19,03,05,25,34,49,05,08,,0
2006-05-12,05,20,23,34,50,01,05,,0
2006-05-05,04,08,14,16,50,03,09,,0
2006-04-28,05,10,17,22,33,05,07,,0
2006-04-21,01,20,22,37,46,01,09,,0
2006-04-14,16,26,34,35,49,02,06,,0
2006-04-07,12,13,29,44,50,04,05,,0
2006-03-31,03,20,31,45,50,06,07,,0
2006-03-24,17,28,33,35,47,04,09,,0
2006-03-17,05,32,44,45,50,01,07,,0
2006-03-10,01,21,33,45,49,04,08,,0
2006-03-03,03,05,08,10,44,03,05,,0
2006-02-24,01,11,18,19,47,03,07,,0
2006-02-17,04,23,24,26,38,02,04,,0
2006-02-10,05,06,38,48,50,06,07,,0
2006-02-03,09,21,30,39,50,01,03,,0
2006-01-27,09,15,21,40,49,01,04,,0
2006-01-20,12,15,33,44,50,02,06,,0
2006-01-13,08,12,19,33,34,01,06,,0
2006-01-06,02,06,09,14,26,04,05,,0
2007-12-28,20,21,22,31,45,07,09,,0
2007-12-21,07,09,28,37,44,06,07,,0
2007-12-14,08,25,30,36,44,03,04,,0
2007-12-07,02,04,32,43,48,01,07,,0
2007-11-30,12,19,20,30,38,07,09,,0
2007-11-23,02,10,22,29,48,03,09,,0
2007-11-16,09,18,23,33,37,01,08,,0
2007-11-09,05,14,22,25,36,05,06,,0
2007-11-02,03,16,18,19,40,01,02,,0
2007-10-26,07,20,38,40,43,01,08,,0
2007-10-19,07,18,34,35,40,07,08,,0
2007-10-12,21,32,36,46,47,03,04,,0
2007-10-05,11,20,27,35,44,02,05,,0
2007-09-28,22,30,34,35,44,04,05,,0
2007-09-21,01,17,32,35,37,01,08,,0
2007-09-14,05,09,11,29,33,07,09,,0
2007-09-07,02,03,33,34,42,03,05,,0
2007-08-31,06,18,22,23,37,05,06,,0
2007-08-24,01,03,16,42,48,02,03,,0
2007-08-17,02,03,13,38,42,07,08,,0
2007-08-10,23,40,42,43,49,02,06,,0
2007-08-03,10,30,33,37,41,01,08,,0
2007-07-27,01,04,21,29,41,07,08,,0
2007-07-20,10,21,25,26,50,04,09,,0
2007-07-13,09,13,15,31,48,03,06,,0
2007-07-06,04,05,19,39,41,08,09,,0
2007-06-29,08,12,28,33,45,01,03,,0
2007-06-22,11,16,17,22,34,05,06,,0
2007-06-15,05,07,14,21,40,03,08,,0
2007-06-08,01,15,17,25,45,02,08,,0
2007-06-01,06,22,37,41,42,06,09,,0
2007-05-25,25,26,29,49,50,07,08,,0
2007-05-18,26,34,37,39,49,02,06,,0
2007-05-11,07,12,26,29,49,02,06,,0
2007-05-04,06,17,35,41,45,01,05,,0
2007-04-27,07,18,27,36,44,01,02,,0
2007-04-20,23,26,32,41,45,03,07,,0
2007-04-13,07,20,25,38,41,03,07,,0
2007-04-06,15,23,29,41,48,03,06,,0
2007-03-30,09,17,19,41,46,01,08,,0
2007-03-23,05,13,17,40,43,01,03,,0
2007-03-16,04,14,31,45,49,04,09,,0
2007-03-09,02,03,25,43,48,06,09,,0
2007-03-02,03,16,34,38,48,05,08,,0
2007-02-23,02,15,18,20,22,02,05,,0
2007-02-16,08,19,20,39,50,06,09,,0
2007-02-09,14,16,30,36,46,02,08,,0
2007-02-02,14,23,27,30,36,01,06,,0
2007-01-26,11,15,23,30,38,04,09,,0
2007-01-19,05,13,27,33,42,02,04,,0
2007-01-12,08,11,14,19,25,03,05,,0
2007-01-05,17,19,29,36,45,05,06,,0
2008-12-26,01,02,26,44,50,01,07,,0
2008-12-19,28,29,40,46,50,05,07,,0
2008-12-12,02,19,28,42,49,02,07,,0
2008-12-05,04,08,21,35,45,05,08,,0
2008-11-28,08,11,16,25,41,02,04,,0
2008-11-21,09,14,21,49,50,03,08,,0
2008-11-14,08,10,14,21,26,03,04,,0
2008-11-07,01,09,12,17,18,03,04,,0
2008-10-31,03,18,25,34,41,02,05,,0
2008-10-24,07,15,16,17,45,06,09,,0
2008-10-17,03,10,12,42,50,01,05,,0
2008-10-10,04,15,22,31,41,01,06,,0
2008-10-03,04,13,19,23,38,02,03,,0
2008-09-26,14,29,31,33,37,01,02,,0
2008-09-19,14,16,19,20,31,06,09,,0
2008-09-12,19,23,33,37,50,03,07,,0
2008-09-05,07,12,16,17,39,03,08,,0
2008-08-29,02,20,25,37,39,05,08,,0
2008-08-22,07,27,29,39,50,05,07,,0
2008-08-15,11,17,18,26,31,05,06,,0
2008-08-08,04,05,15,16,45,04,07,,0
2008-08-01,01,22,25,40,50,01,08,,0
2008-07-25,07,11,15,24,29,02,07,,0
2008-07-18,10,14,16,29,44,05,06,,0
2008-07-11,09,11,13,19,37,03,04,,0
2008-07-04,07,19,22,27,48,05,07,,0
2008-06-27,05,20,26,44,50,05,07,,0
2008-06-20,08,11,36,37,45,03,05,,0
2008-06-13,13,16,37,44,50,01,09,,0
2008-06-06,07,19,21,40,50,02,09,,0
2008-05-30,05,07,14,20,49,02,08,,0
2008-05-23,05,09,19,21,38,01,07,,0
2008-05-16,06,09,15,25,38,04,09,,0
2008-05-09,08,09,40,42,45,06,07,,0
2008-05-02,02,26,37,45,48,04,08,,0
2008-04-25,04,19,26,27,30,03,08,,0
2008-04-18,03,06,07,27,50,05,09,,0
2008-04-11,06,25,30,45,50,05,07,,0
2008-04-04,11,13,18,37,47,01,06,,0
2008-03-28,05,09,17,29,39,03,06,,0
2008-03-21,02,10,18,22,36,04,06,,0
2008-03-14,13,21,25,35,48,04,08,,0
2008-03-07,02,07,14,17,35,01,06,,0
2008-02-29,12,37,40,47,49,02,09,,0
2008-02-22,04,27,32,46,50,08,09,,0
2008-02-15,12,27,29,45,46,04,07,,0
2008-02-08,17,28,30,38,44,01,04,,0
2008-02-01,22,30,45,47,49,04,09,,0
2008-01-25,02,06,09,19,45,07,08,,0
2008-01-18,14,16,23,40,46,04,08,,0
2008-01-11,08,24,36,49,50,04,08,,0
2008-01-04,10,12,24,25,41,03,05,,0
2009-12-25,04,05,14,17,34,03,05,"£13,590,000",0
2009-12-18,14,30,32,35,49,03,08,"£52,883,496",1
2009-12-11,20,41,43,44,46,02,09,"£39,585,640",0
2009-12-04,18,19,25,30,44,01,03,"£26,301,056",0
2009-11-27,05,08,13,15,33,08,09,"£13,660,500",0
2009-11-20,05,09,28,43,47,02,09,"£13,536,000",0
2009-11-13,13,15,25,26,32,03,04,"£14,839,480",0
2009-11-06,11,19,34,43,45,05,09,"£45,570,836",0
2009-10-30,09,33,35,38,40,02,06,"£71,278,152",0
2009-10-23,06,18,20,29,31,02,08,"£55,868,892",0
2009-10-16,12,23,30,31,47,03,04,"£40,391,228",0
2009-10-09,07,11,29,46,50,04,07,"£27,066,648",0
2009-10-02,22,23,24,29,44,01,05,"£13,764,000",0
2009-09-25,06,17,18,21,34,03,09,"£13,830,000",0
2009-09-18,06,16,30,38,41,02,04,"£90,740,000",0
2009-09-11,12,15,35,42,43,04,06,"£37,805,108",0
2009-09-04,06,09,20,38,39,03,09,"£24,942,782",0
2009-08-28,08,36,37,41,49,05,07,"£13,219,500",0
2009-08-21,04,07,16,31,42,03,05,"£32,731,272",0
2009-08-14,05,08,24,30,49,03,09,"£49,372,568",0
2009-08-07,10,20,22,24,31,02,07,"£35,727,240",0
2009-07-31,05,09,20,21,26,03,06,"£23,957,846",0
2009-07-24,14,15,25,35,47,05,09,"£13,008,000",0
2009-07-17,02,08,17,32,50,03,07,"£49,802,092",0
2009-07-10,06,16,20,42,46,01,06,"£36,399,344",0
2009-07-03,21,29,34,46,47,06,08,"£24,056,336",0
2009-06-26,06,11,21,30,39,02,08,"£12,787,500",0
2009-06-19,04,16,17,20,29,05,07,"£12,853,500",0
2009-06-12,06,14,16,34,50,04,06,"£24,951,268",0
2009-06-05,11,19,26,35,40,02,05,"£37,574,776",0
2009-05-29,02,05,30,37,47,03,06,"£24,953,014",0
2009-05-22,04,13,14,33,43,01,06,"£13,254,000",0
2009-05-15,08,18,19,20,42,05,09,"£13,402,500",0
2009-05-08,04,23,24,29,31,08,09,"£113,229,888",0
2009-05-01,05,19,31,38,47,03,05,"£88,364,736",0
2009-04-24,04,14,21,24,41,05,08,"£51,694,404",0
2009-04-17,04,07,21,44,47,01,05,"£51,694,404",0
2009-04-10,09,14,16,37,46,02,04,"£38,126,496",0
2009-04-03,02,20,24,32,46,01,09,"£25,879,558",0
2009-03-27,25,33,36,38,42,06,07,"£14,082,000",0
2009-03-20,12,16,23,31,35,04,06,"£14,023,690",0
2009-03-13,12,24,26,36,42,01,04,"£14,858,473",0
2009-03-06,13,17,19,25,35,05,06,"£45,060,000",0
2009-02-27,05,09,37,44,45,06,09,"£38,191,684",0
2009-02-20,09,12,13,14,48,01,02,"£25,094,624",0
2009-02-13,22,33,36,40,42,01,02,"£13,461,000",0
2009-02-06,10,20,30,36,40,03,05,"£6,563,250",0
2009-01-30,04,29,34,35,46,05,08,"£25,509,888",0
2009-01-23,32,33,36,40,49,02,08,"£14,193,000",0
2009-01-16,03,17,22,49,50,03,06,"£13,554,000",0
2009-01-09,07,15,22,28,48,01,04,"£50,993,588",0
2009-01-02,29,30,36,37,48,01,06,"£38,731,512",0
2010-12-31,02,24,34,38,43,01,07,"£13,178,614",1
2010-12-24,19,36,38,42,46,02,08,"£16,301,884",1
2010-12-17,03,20,29,35,42,03,08,"£37,234,744",1
2010-12-10,02,03,10,33,46,07,08,"£24,100,216",0
2010-12-03,08,19,28,32,46,04,07,"£12,748,500",0
2010-11-26,09,28,36,41,49,05,07,"£38,556,252",1
2010-11-19,12,15,32,36,45,07,09,"£25,874,272",0
2010-11-12,07,19,23,29,47,01,06,"£13,716,650",0
2010-11-05,21,23,33,40,50,04,05,"£25,300,620",1
2010-10-29,16,20,22,32,42,08,09,"£13,042,500",0
2010-10-22,04,05,09,11,39,03,05,"£52,463,848",2
2010-10-15,02,31,36,38,43,03,07,"£13,152,000",0
2010-10-08,09,30,35,39,46,06,08,"£113,019,928",1
2010-10-01,01,04,06,27,48,01,06,"£87,100,000",0
2010-09-24,01,04,16,40,48,01,09,"£48,941,884",2
2010-09-17,17,27,29,38,50,01,03,"£12,558,000",0
2010-09-10,17,21,35,41,45,01,05,"£12,454,500",1
2010-09-03,13,24,26,47,49,04,08,"£12,543,000",1
2010-08-27,01,06,13,30,49,01,09,"£12,346,500",2
2010-08-20,05,27,31,40,42,01,06,"£12,202,500",1
2010-08-13,04,09,15,21,47,02,07,"£12,280,500",3
2010-08-06,13,25,28,29,42,04,05,"£12,502,500",1
2010-07-30,03,04,11,28,39,02,08,"£23,414,852",1
2010-07-23,04,13,35,37,46,03,09,"£12,592,500",0
2010-07-16,38,39,45,46,49,07,08,"£35,767,540",1
2010-07-09,09,24,37,39,49,03,09,"£23,591,586",0
2010-07-02,12,13,36,41,46,01,08,"£12,424,500",0
2010-06-25,01,08,18,28,31,08,09,"£23,090,988",1
2010-06-18,02,29,31,32,38,01,04,"£12,540,000",0
2010-06-11,02,22,24,36,44,01,02,"£12,408,000",1
2010-06-04,04,17,34,40,42,04,09,"£12,442,500",1
2010-05-28,04,09,31,32,33,03,07,"£12,693,000",1
2010-05-21,07,19,30,38,50,04,07,"£13,072,500",1
2010-05-14,01,17,31,43,47,02,03,"£84,451,320",1
2010-05-07,03,06,15,21,32,07,09,"£67,967,552",0
2010-04-30,06,22,24,25,36,03,08,"£52,603,784",0
2010-04-23,03,07,08,43,46,06,08,"£38,064,784",0
2010-04-16,09,11,17,26,40,03,09,"£25,378,348",0
2010-04-09,07,21,23,24,44,03,04,"£13,177,500",0
2010-04-02,12,18,24,26,45,04,05,"£13,339,500",1
2010-03-26,08,16,18,37,43,02,06,"£39,754,556",1
2010-03-19,10,28,30,38,39,02,07,"£26,412,248",0
2010-03-12,01,26,33,36,46,06,07,"£13,633,500",0
2010-03-05,12,18,19,43,49,03,09,"£41,706,216",1
2010-02-26,07,11,18,29,42,06,07,"£26,963,008",0
2010-02-19,12,31,37,38,43,02,03,"£13,222,500",0
2010-02-12,01,05,18,38,45,04,06,"£56,008,112",2
2010-02-05,34,35,38,39,46,03,04,"£87,570,000",0
2010-01-29,09,17,30,39,43,05,07,"£25,403,096",1
2010-01-22,04,22,27,36,44,07,09,"£13,197,000",0
2010-01-15,11,26,29,49,50,04,07,"£26,151,124",2
2010-01-08,04,05,14,44,46,08,09,"£38,666,984",0
2010-01-01,09,22,24,27,36,05,07,"£25,315,384",0
2011-12-30,16,36,43,44,50,07,08,"£43,303,616",0
2011-12-27,19,21,25,26,44,03,07,"£31,879,970",0
2011-12-23,07,21,22,24,28,01,11,"£25,852,188",0
2011-12-20,01,09,12,14,48,01,07,"£12,549,000",0
2011-12-16,02,05,10,23,31,02,05,"£39,175,448",1
2011-12-13,07,12,18,33,37,01,11,"£28,908,882",0
2011-12-09,12,21,29,44,47,01,02,"£22,918,880",0
2011-12-06,19,20,21,34,38,03,09,"£12,904,500",0
2011-12-02,07,27,30,40,43,08,09,"£23,341,756",1
2011-11-29,11,25,41,45,50,02,07,"£12,825,000",0
2011-11-25,14,19,26,28,34,05,08,"£30,126,040",1
2011-11-22,16,18,24,38,40,02,04,"£18,941,024",0
2011-11-18,04,12,24,39,44,02,04,"£12,850,500",0
2011-11-15,06,17,22,45,47,03,11,"£12,817,500",1
2011-11-11,01,04,18,23,30,03,07,"£58,162,736",1
2011-11-08,01,04,15,29,40,01,05,"£46,793,456",0
2011-11-04,11,14,41,43,50,02,09,"£39,862,088",0
2011-11-01,14,20,23,45,46,01,11,"£28,991,612",0
2011-10-28,16,17,20,39,50,04,08,"£23,734,844",0
2011-10-25,12,22,27,28,39,04,10,"£13,059,000",0
2011-10-21,02,19,33,37,46,05,08,"£41,682,028",2
2011-10-18,18,23,37,46,48,02,10,"£30,927,684",0
2011-10-14,12,23,29,32,47,03,05,"£24,130,874",0
2011-10-11,01,04,12,16,48,09,10,"£13,152,000",0
2011-10-07,18,26,34,38,42,05,08,"£101,203,600",1
2011-10-04,14,16,23,38,45,08,11,"£86,290,000",0
2011-09-30,05,15,28,31,44,01,06,"£41,738,265",3
2011-09-27,18,27,28,35,40,03,05,"£30,913,744",0
2011-09-23,06,14,33,34,48,02,06,"£23,961,854",0
2011-09-20,09,19,25,36,38,07,11,"£13,039,500",0
2011-09-16,02,08,17,39,42,03,10,"£13,108,500",1
2011-09-13,09,28,30,32,49,09,10,"£140,822,528",1
2011-09-09,05,21,28,31,34,01,02,"£126,867,264",0
2011-09-06,35,42,47,48,50,08,09,"£111,920,464",0
2011-09-02,12,26,37,38,44,04,07,"£101,404,136",0
2011-08-30,02,08,10,19,46,05,09,"£87,376,840",0
2011-08-26,12,22,25,33,45,05,07,"£78,976,312",0
2011-08-23,04,06,14,42,50,02,04,"£65,488,524",0
2011-08-19,06,14,16,28,31,02,11,"£58,085,464",0
2011-08-16,01,13,17,18,45,03,08,"£47,058,912",0
2011-08-12,07,10,20,27,37,04,07,"£40,675,288",0
2011-08-09,07,23,24,34,36,08,11,"£30,055,772",0
2011-08-05,13,14,18,32,34,01,10,"£23,440,308",0
2011-08-02,05,08,14,24,33,03,08,"£13,080,000",0
2011-07-29,12,19,27,37,38,05,10,"£23,933,988",1
2011-07-26,01,05,22,25,48,03,11,"£13,272,000",0
2011-07-22,04,15,23,49,50,02,06,"£13,225,500",2
2011-07-19,03,16,25,26,35,05,09,"£20,319,792",1
2011-07-15,06,26,33,34,39,03,04,"£13,173,000",0
2011-07-12,17,19,38,42,45,09,10,"£161,652,992",1
2011-07-08,12,13,23,40,49,07,10,"£164,760,992",0
2011-07-05,11,28,29,47,49,01,05,"£159,008,880",0
2011-07-01,08,11,23,31,46,08,09,"£141,820,896",0
2011-06-28,15,16,30,44,50,02,03,"£120,687,896",0
2011-06-24,05,16,20,30,41,06,11,"£107,428,376",0
2011-06-21,17,20,35,49,50,03,04,"£91,693,456",0
2011-06-17,11,16,21,22,44,03,08,"£82,001,872",0
2011-06-14,05,12,19,41,48,08,10,"£68,132,632",0
2011-06-10,03,19,20,37,48,08,11,"£60,872,492",0
2011-06-07,06,25,36,38,40,04,10,"£48,962,688",0
2011-06-03,04,39,40,49,50,02,05,"£41,359,052",0
2011-05-31,01,09,10,22,50,05,11,"£29,730,068",0
2011-05-27,09,17,25,28,49,08,09,"£23,752,200",0
2011-05-24,16,23,24,26,29,02,09,"£13,102,500",0
2011-05-20,10,14,20,25,42,08,11,"£24,115,452",1
2011-05-17,20,21,37,45,46,02,03,"£13,143,000",0
2011-05-13,09,11,17,36,47,01,02,"£105,892,176",1
2011-05-10,03,10,15,28,45,05,07,"£88,200,000",0
2011-05-06,11,16,20,22,28,04,09,"£25,227,296",1
2011-04-29,15,25,38,40,41,01,02,"£13,335,000",0
2011-04-22,11,22,36,45,48,01,04,"£38,301,216",1
2011-04-15,04,06,21,39,41,02,06,"£25,974,202",0
2011-04-08,21,23,38,47,50,02,06,"£13,275,000",0
2011-04-01,04,17,21,22,33,04,08,"£13,269,000",1
2011-03-25,06,12,21,27,33,03,07,"£121,722,016",2
2011-03-18,01,13,20,26,50,06,07,"£94,101,576",0
2011-03-11,17,19,24,37,46,02,07,"£71,628,832",0
2011-03-04,11,25,27,28,41,05,08,"£53,278,316",0
2011-02-25,12,13,42,45,48,03,09,"£37,687,076",0
2011-02-18,02,03,15,45,49,05,09,"£24,146,664",0
2011-02-11,12,14,15,19,23,07,08,"£12,714,000",0
2011-02-04,02,11,24,35,47,05,09,"£24,368,200",5
2011-01-28,13,23,24,41,42,01,05,"£12,940,500",0
2011-01-21,03,11,13,18,21,04,05,"£49,417,448",2
2011-01-14,02,14,24,39,44,06,07,"£12,657,000",0
2011-01-07,01,22,32,48,50,06,07,"£12,487,500",1
2012-12-28,17,24,26,27,49,03,05,"£21,875,652",0
2012-12-25,14,18,20,23,32,03,10,"£12,322,500",0
2012-12-21,03,05,22,40,42,03,10,"£83,087,696",1
2012-12-18,14,18,20,35,44,02,05,"£70,070,416",0
2012-12-14,10,11,29,40,43,03,11,"£62,293,152",0
2012-12-11,01,04,09,43,50,06,08,"£51,106,704",0
2012-12-07,10,16,18,31,42,02,05,"£44,054,164",0
2012-12-04,05,10,28,29,44,02,04,"£34,505,412",0
2012-11-30,10,18,23,24,40,03,04,"£27,864,810",0
2012-11-27,06,10,23,44,49,01,07,"£18,165,904",0
2012-11-23,01,09,11,20,40,01,05,"£12,147,000",0
2012-11-20,28,30,42,45,49,05,10,"£18,330,736",1
2012-11-16,10,15,19,23,41,02,09,"£12,039,000",0
2012-11-13,11,16,21,24,29,02,06,"£136,124,368",1
2012-11-09,14,21,22,28,47,04,05,"£122,416,480",0
2012-11-06,07,20,25,35,41,01,09,"£106,443,384",0
2012-11-02,03,06,10,11,44,03,04,"£95,574,744",0
2012-10-30,23,24,25,31,44,02,03,"£82,777,656",0
2012-10-26,05,06,09,27,38,05,11,"£73,585,552",0
2012-10-23,01,28,35,38,50,02,10,"£62,668,376",0
2012-10-19,16,29,37,40,44,08,10,"£55,297,556",0
2012-10-16,10,32,40,41,49,02,08,"£44,407,072",0
2012-10-12,06,07,17,35,43,02,08,"£37,648,528",0
2012-10-09,02,08,10,23,25,08,09,"£27,768,212",0
2012-10-05,09,16,18,19,21,02,03,"£21,701,658",0
2012-10-02,04,16,21,36,42,07,08,"£12,015,000",0
2012-09-28,20,23,26,30,33,06,09,"£79,750,000",1
2012-09-25,07,25,27,48,49,01,04,"£27,120,728",0
2012-09-21,04,19,34,41,43,07,11,"£21,218,944",0
2012-09-18,06,07,38,39,44,07,09,"£12,058,500",0
2012-09-14,03,10,23,27,44,07,09,"£21,511,884",1
2012-09-11,06,15,22,37,44,02,04,"£12,016,500",0
2012-09-07,13,15,30,35,42,04,06,"£37,827,316",1
2012-09-04,11,17,18,39,44,05,10,"£27,605,924",0
2012-08-31,16,28,31,33,48,07,11,"£21,380,704",0
2012-08-28,01,18,25,26,44,04,05,"£11,914,500",0
2012-08-24,05,06,12,19,37,03,07,"£37,709,048",1
2012-08-21,04,05,17,38,48,03,04,"£27,638,400",0
2012-08-17,19,25,28,33,44,02,08,"£21,173,768",0
2012-08-14,01,16,38,42,45,09,10,"£11,805,000",0
2012-08-10,11,17,21,48,50,09,10,"£148,656,000",1
2012-08-07,20,27,34,46,50,02,03,"£151,012,000",0
2012-08-03,24,34,35,42,46,01,05,"£142,677,280",0
2012-07-31,04,29,35,36,39,08,09,"£123,419,568",0
2012-07-27,14,15,21,23,48,02,10,"£110,973,504",0
2012-07-24,04,16,18,25,44,01,11,"£87,418,312",0
2012-07-20,10,19,23,45,49,09,10,"£79,035,840",0
2012-07-17,02,07,24,43,46,08,10,"£67,543,392",0
2012-07-13,08,18,25,35,46,04,09,"£60,323,856",0
2012-07-10,01,03,16,24,37,01,08,"£48,445,180",0
2012-07-06,31,32,38,40,42,01,03,"£42,076,912",0
2012-07-03,02,07,22,27,40,03,06,"£32,812,560",0
2012-06-29,14,17,28,29,39,01,11,"£26,900,432",0
2012-06-26,01,11,20,22,35,08,10,"£17,516,872",0
2012-06-22,14,18,19,43,49,03,07,"£12,117,000",0
2012-06-19,07,17,20,35,50,05,11,"£12,109,500",1
2012-06-15,10,22,27,38,48,03,07,"£21,629,100",2
2012-06-12,08,15,26,30,48,09,10,"£12,043,500",0
2012-06-08,05,11,22,34,40,09,11,"£127,675,088",2
2012-06-05,13,34,37,47,49,08,09,"£109,315,760",0
2012-06-01,02,04,14,26,36,09,10,"£97,123,440",0
2012-05-29,08,15,17,25,28,03,11,"£80,806,752",0
2012-05-25,12,22,35,46,49,02,08,"£71,823,680",0
2012-05-22,16,31,32,37,41,01,07,"£60,290,704",0
2012-05-18,13,29,43,47,50,09,11,"£53,068,968",0
2012-05-15,02,11,13,26,50,02,05,"£41,232,244",0
2012-05-11,01,13,17,38,44,02,11,"£35,495,168",0
2012-05-08,03,21,34,38,48,05,08,"£26,250,992",0
2012-05-04,03,26,39,40,41,01,02,"£21,084,008",0
2012-05-01,04,05,15,19,41,09,11,"£12,258,000",0
2012-04-27,20,27,30,36,43,01,06,"£36,231,900",1
2012-04-24,08,09,24,43,48,03,05,"£26,895,374",0
2012-04-20,03,06,29,32,41,10,11,"£21,345,736",0
2012-04-17,10,28,33,48,49,01,10,"£12,369,000",0
2012-04-13,08,13,26,39,43,03,05,"£44,408,416",1
2012-04-10,22,25,27,36,37,05,09,"£32,603,076",0
2012-04-06,11,20,30,35,45,02,03,"£27,033,456",0
2012-04-03,01,08,18,25,30,09,10,"£18,087,550",0
2012-03-30,04,17,23,36,46,06,10,"£12,522,000",0
2012-03-27,24,27,29,34,36,07,08,"£12,555,000",1
2012-03-23,09,15,23,31,50,08,11,"£21,827,112",1
2012-03-20,15,16,28,30,46,03,04,"£12,508,500",0
2012-03-16,03,04,12,23,50,04,07,"£38,034,640",1
2012-03-13,01,10,25,43,47,08,09,"£28,201,172",0
2012-03-09,03,32,36,39,47,06,09,"£22,200,500",0
2012-03-06,23,24,27,37,47,02,06,"£12,525,000",0
2012-03-02,05,06,11,30,44,02,06,"£22,198,232",1
2012-02-28,01,10,17,33,48,02,03,"£12,720,000",0
2012-02-24,03,07,12,26,34,08,10,"£46,432,284",1
2012-02-21,11,14,24,25,29,07,11,"£35,142,488",0
2012-02-17,04,11,28,38,47,10,11,"£28,527,268",0
2012-02-14,14,27,36,42,46,08,11,"£18,731,948",0
2012-02-10,03,08,14,31,41,07,11,"£12,565,500",0
2012-02-07,03,15,17,28,33,02,04,"£45,160,172",1
2012-02-03,16,19,20,25,28,01,10,"£38,388,400",0
2012-01-31,09,34,38,43,45,02,04,"£28,074,424",0
2012-01-27,10,13,19,39,44,02,06,"£22,380,458",0
2012-01-24,01,02,06,20,36,08,11,"£12,523,500",0
2012-01-20,02,10,22,27,28,06,08,"£40,627,240",1
2012-01-17,12,22,30,31,44,05,06,"£30,343,120",0
2012-01-13,13,14,21,27,39,06,08,"£24,189,680",0
2012-01-10,04,09,10,30,40,02,09,"£12,394,500",0
2012-01-06,01,06,10,12,31,02,07,"£60,355,248",2
2012-01-03,03,30,42,45,49,05,10,"£50,010,872",0
2013-12-31,13,20,24,29,45,03,07,"£83,850,384",0
2013-12-27,01,06,13,22,28,05,10,"£72,089,656",0
2013-12-24,05,19,31,43,50,02,06,"£62,469,260",0
2013-12-20,12,13,17,22,43,03,10,"£53,875,272",0
2013-12-17,06,08,27,37,41,07,10,"£44,362,412",0
2013-12-13,01,22,23,24,31,06,11,"£37,664,284",0
2013-12-10,06,24,35,49,50,01,07,"£26,551,498",0
2013-12-06,01,02,18,31,36,07,10,"£20,874,772",0
2013-12-03,06,13,15,29,32,02,09,"£12,445,500",0
2013-11-29,02,07,10,23,43,04,07,"£12,429,000",1
2013-11-26,19,23,27,42,44,03,05,"£26,863,588",1
2013-11-22,13,25,26,40,50,08,09,"£21,186,644",0
2013-11-19,14,15,19,36,45,01,10,"£12,606,000",0
2013-11-15,03,13,15,29,42,01,04,"£83,830,000",1
2013-11-12,14,29,37,40,48,02,11,"£12,682,500",0
2013-11-08,20,28,35,42,43,08,10,"£12,510,000",2
2013-11-05,06,12,13,35,38,02,03,"£18,107,224",1
2013-11-01,07,19,29,30,33,03,08,"£12,709,500",0
2013-10-29,09,10,30,32,37,02,06,"£12,856,500",1
2013-10-25,02,03,10,31,38,06,10,"£27,080,608",1
2013-10-22,29,33,39,41,44,09,11,"£18,308,848",0
2013-10-18,05,25,36,46,47,02,06,"£12,711,000",0
2013-10-15,18,27,39,43,47,04,07,"£43,086,064",1
2013-10-11,06,12,17,23,43,05,09,"£36,840,020",0
2013-10-08,23,24,26,33,42,03,05,"£27,440,664",0
2013-10-04,06,20,24,35,50,05,10,"£21,498,732",0
2013-10-01,19,23,25,44,48,08,09,"£12,544,500",0
2013-09-27,11,15,38,41,43,02,06,"£55,193,984",1
2013-09-24,10,20,26,28,43,09,11,"£45,405,876",0
2013-09-20,05,11,35,38,45,02,03,"£38,960,568",0
2013-09-17,13,17,21,42,44,09,11,"£29,412,764",0
2013-09-13,04,06,14,27,33,05,10,"£23,253,808",0
2013-09-10,07,11,14,28,30,02,10,"£12,666,000",0
2013-09-06,11,23,25,32,37,04,07,"£21,603,768",2
2013-09-03,05,09,16,18,42,07,09,"£12,709,500",0
2013-08-30,02,17,25,36,45,05,09,"£21,885,636",2
2013-08-27,07,30,38,40,43,02,06,"£12,931,500",0
2013-08-23,01,06,26,30,37,05,08,"£80,738,984",1
2013-08-20,05,11,42,49,50,08,11,"£68,593,880",0
2013-08-16,20,24,27,37,39,05,10,"£60,621,368",0
2013-08-13,05,17,20,47,50,01,04,"£51,018,936",0
2013-08-09,04,07,09,23,24,08,09,"£44,134,520",0
2013-08-06,16,17,31,47,49,03,11,"£34,673,272",0
2013-08-02,21,36,37,42,48,04,07,"£28,309,280",0
2013-07-30,03,04,11,14,43,01,06,"£19,184,610",0
2013-07-26,12,23,29,38,49,03,04,"£13,081,162",0
2013-07-23,14,15,16,19,44,04,05,"£12,907,500",1
2013-07-19,13,16,24,26,35,02,05,"£12,925,500",1
2013-07-16,19,23,34,47,50,04,06,"£19,201,364",1
2013-07-12,18,26,32,33,42,02,03,"£12,987,000",0
2013-07-09,16,18,31,38,49,04,10,"£28,847,236",1
2013-07-05,04,12,15,28,33,01,10,"£22,417,688",0
2013-07-02,11,13,14,28,30,04,05,"£12,844,500",0
2013-06-28,01,15,28,35,47,01,07,"£12,843,000",1
2013-06-25,04,05,13,27,35,01,02,"£159,559,040",2
2013-06-21,10,11,30,36,45,01,02,"£143,627,632",0
2013-06-18,17,24,33,41,44,01,11,"£125,775,680",0
2013-06-14,10,25,41,47,48,06,10,"£111,780,728",0
2013-06-11,05,07,09,25,41,01,05,"£96,181,288",0
2013-06-07,07,14,26,45,50,02,07,"£85,130,000",0
2013-06-04,31,33,34,37,40,01,06,"£19,080,296",0
2013-05-31,27,28,29,34,43,05,10,"£12,841,500",0
2013-05-28,08,13,26,34,38,03,11,"£81,381,672",1
2013-05-24,07,17,22,27,40,02,03,"£73,074,352",0
2013-05-21,07,08,19,28,29,05,09,"£61,122,964",0
2013-05-17,06,20,24,25,50,09,10,"£53,520,164",0
2013-05-14,07,08,24,27,36,05,11,"£43,382,876",0
2013-05-10,01,32,35,45,48,04,11,"£36,503,084",0
2013-05-07,13,27,28,42,43,04,06,"£27,337,588",0
2013-05-03,03,05,34,40,49,02,03,"£21,355,336",0
2013-04-30,13,36,40,43,50,05,09,"£12,727,500",0
2013-04-26,11,16,24,38,40,02,05,"£27,335,676",1
2013-04-23,01,04,07,10,50,04,11,"£18,557,708",0
2013-04-19,01,08,42,46,48,04,07,"£12,874,500",0
2013-04-16,01,11,22,33,50,04,06,"£12,879,000",1
2013-04-12,05,10,15,28,45,03,09,"£22,422,512",1
2013-04-09,15,35,38,44,48,05,10,"£12,825,000",0
2013-04-05,01,11,17,32,39,02,07,"£22,536,828",2
2013-04-02,12,17,25,29,41,01,04,"£12,741,000",0
2013-03-29,13,30,43,44,46,05,09,"£112,017,544",1
2013-03-26,04,26,30,42,44,06,11,"£96,302,208",0
2013-03-22,12,27,32,34,49,08,09,"£85,330,000",0
2013-03-19,19,32,35,37,44,01,09,"£18,770,152",0
2013-03-15,04,14,21,24,39,03,10,"£12,997,500",0
2013-03-12,02,04,10,22,50,05,08,"£13,135,500",1
2013-03-08,03,20,23,28,42,08,11,"£45,058,160",1
2013-03-05,08,19,31,33,39,02,07,"£34,631,816",0
2013-03-01,01,11,29,36,42,04,05,"£28,372,232",0
2013-02-26,03,12,13,17,30,02,06,"£18,874,480",0
2013-02-22,15,16,28,36,37,02,11,"£12,981,000",0
2013-02-19,12,15,28,30,44,08,09,"£52,357,564",1
2013-02-15,02,04,22,28,42,04,09,"£44,855,572",0
2013-02-12,05,11,16,25,28,07,09,"£34,628,144",0
2013-02-08,09,11,14,34,44,10,11,"£27,886,636",0
2013-02-05,06,25,31,40,45,06,07,"£19,070,108",0
2013-02-01,05,21,34,37,38,01,06,"£13,063,500",0
2013-01-29,09,16,26,36,39,02,06,"£12,862,500",2
2013-01-25,03,10,18,31,37,02,04,"£37,772,356",1
2013-01-22,01,10,44,45,48,01,04,"£27,777,896",0
2013-01-18,04,26,27,30,39,03,10,"£21,672,986",0
2013-01-15,22,38,40,42,47,01,11,"£12,441,000",0
2013-01-11,04,22,29,37,41,04,07,"£28,307,148",1
2013-01-08,02,20,22,26,47,05,09,"£18,341,712",0
2013-01-04,04,10,22,27,41,08,10,"£12,216,000",0
2013-01-01,02,07,08,36,49,01,11,"£30,730,347",3
2014-12-30,06,18,39,44,50,08,11,"£11,727,000",1
2014-12-26,17,26,27,45,49,02,03,"£19,781,352",1
2014-12-23,08,09,19,25,49,02,10,"£11,787,000",0
2014-12-19,23,29,31,39,44,05,08,"£11,737,500",1
2014-12-16,03,07,12,13,25,05,08,"£31,462,688",1
2014-12-12,02,15,28,31,37,04,06,"£25,517,468",0
2014-12-09,01,03,31,42,46,04,11,"£17,246,776",0
2014-12-05,05,08,37,47,48,02,03,"£11,851,500",0
2014-12-02,03,15,25,44,49,01,09,"£57,837,340",1
2014-11-28,06,10,15,23,41,04,10,"£51,217,624",0
2014-11-25,03,07,25,32,36,01,06,"£40,715,868",0
2014-11-21,04,07,28,32,37,05,10,"£34,100,272",0
2014-11-18,02,03,17,36,38,04,11,"£26,007,144",0
2014-11-14,17,32,36,38,48,05,08,"£20,235,048",0
2014-11-11,02,14,21,36,46,07,11,"£11,766,000",0
2014-11-07,13,25,32,38,46,01,10,"£25,871,872",2
2014-11-04,01,06,13,17,26,03,05,"£17,438,916",0
2014-10-31,10,13,20,33,41,03,09,"£11,763,000",0
2014-10-28,10,15,17,40,45,01,02,"£11,848,500",1
2014-10-24,03,09,20,30,42,01,06,"£149,758,000",1
2014-10-21,20,21,27,33,40,03,10,"£143,641,616",0
2014-10-17,01,13,40,48,49,08,10,"£130,128,672",0
2014-10-14,04,05,15,23,32,03,07,"£114,362,312",0
2014-10-10,06,29,42,45,47,09,10,"£101,812,992",0
2014-10-07,09,21,28,30,38,01,08,"£88,304,912",0
2014-10-03,04,13,23,48,50,05,10,"£78,370,000",0
2014-09-30,03,13,15,33,42,05,07,"£25,668,300",1
2014-09-26,13,27,35,46,47,01,02,"£20,137,574",0
2014-09-23,12,13,14,29,35,01,07,"£11,770,500",0
2014-09-19,06,08,34,38,48,03,09,"£68,362,888",1
2014-09-16,04,29,30,35,50,02,04,"£59,479,472",0
2014-09-12,09,13,26,31,33,07,11,"£52,772,468",0
2014-09-09,08,15,19,24,35,08,10,"£44,245,872",0
2014-09-05,01,18,23,46,50,03,09,"£37,783,420",0
2014-09-02,05,25,31,39,45,01,08,"£29,994,082",0
2014-08-29,02,09,26,32,38,03,06,"£24,464,842",0
2014-08-26,10,22,36,45,48,04,11,"£16,991,312",0
2014-08-22,04,17,29,35,49,01,02,"£12,000,000",0
2014-08-19,04,07,11,34,47,07,08,"£43,584,628",1
2014-08-15,04,05,21,23,30,08,10,"£37,718,168",0
2014-08-12,07,16,19,22,33,02,05,"£30,079,456",0
2014-08-08,21,29,35,43,46,01,09,"£24,759,542",0
2014-08-05,05,07,19,21,42,05,11,"£17,029,644",0
2014-08-01,24,44,46,48,50,05,10,"£11,977,500",0
2014-07-29,10,23,35,40,43,03,09,"£29,815,964",1
2014-07-25,09,10,12,24,43,05,09,"£24,470,876",0
2014-07-22,01,24,43,45,50,05,08,"£16,916,606",0
2014-07-18,01,11,29,41,43,03,11,"£11,878,500",0
2014-07-15,15,18,20,27,34,01,03,"£53,758,144",1
2014-07-11,05,22,35,38,49,04,07,"£47,789,040",0
2014-07-08,08,18,22,24,27,04,11,"£39,193,496",0
2014-07-04,04,18,39,43,47,02,06,"£33,347,512",0
2014-07-01,18,22,25,27,39,05,10,"£25,344,616",0
2014-06-27,31,33,34,39,45,02,10,"£19,914,712",0
2014-06-24,01,07,20,21,48,04,07,"£12,021,000",0
2014-06-20,05,15,25,38,49,01,02,"£19,964,918",1
2014-06-17,11,13,37,40,48,08,09,"£11,983,500",0
2014-06-13,16,18,22,28,46,09,11,"£109,589,904",1
2014-06-10,12,18,21,32,33,01,11,"£95,933,456",0
2014-06-06,07,25,34,40,49,09,11,"£86,858,392",0
2014-06-03,02,15,32,39,44,05,10,"£72,437,360",0
2014-05-30,05,24,27,41,45,06,07,"£64,246,872",0
2014-05-27,07,13,16,25,26,01,06,"£54,445,724",0
2014-05-23,03,08,31,34,47,09,11,"£48,094,704",0
2014-05-20,05,33,36,38,47,04,09,"£39,669,452",0
2014-05-16,23,26,29,37,40,03,04,"£33,974,184",0
2014-05-13,04,13,30,34,47,02,06,"£25,746,572",0
2014-05-09,03,21,26,28,45,07,10,"£20,214,824",0
2014-05-06,05,19,24,31,37,01,09,"£12,321,000",0
2014-05-02,04,30,31,38,42,02,11,"£73,205,656",1
2014-04-29,18,23,26,35,44,03,11,"£62,955,400",0
2014-04-25,13,21,24,44,49,01,09,"£56,005,504",0
2014-04-22,13,15,20,24,46,01,08,"£46,672,600",0
2014-04-18,21,24,31,39,47,03,07,"£40,962,532",0
2014-04-15,03,14,26,47,50,07,11,"£32,625,428",0
2014-04-11,08,12,19,30,33,04,11,"£26,905,670",0
2014-04-08,11,18,29,42,49,04,11,"£17,853,604",0
2014-04-04,06,10,28,45,50,10,11,"£12,415,500",0
2014-04-01,16,18,26,38,44,08,10,"£12,457,500",1
2014-03-28,03,04,19,28,43,03,07,"£20,942,416",1
2014-03-25,07,20,26,28,50,02,08,"£12,549,000",0
2014-03-21,07,30,37,39,42,05,07,"£21,325,022",1
2014-03-18,08,27,34,36,39,05,10,"£12,603,000",0
2014-03-14,06,24,25,27,30,05,09,"£107,932,600",1
2014-03-11,01,04,23,33,44,07,08,"£93,707,472",0
2014-03-07,05,10,38,40,41,01,08,"£82,990,000",0
2014-03-04,03,05,22,27,44,01,06,"£12,375,000",0
2014-02-28,12,32,38,43,44,02,07,"£35,072,864",1
2014-02-25,21,25,28,35,42,04,06,"£26,289,564",0
2014-02-21,13,17,28,30,32,05,07,"£20,630,644",0
2014-02-18,23,26,36,37,49,06,07,"£12,378,000",0
2014-02-14,02,04,06,19,39,02,07,"£20,927,566",1
2014-02-11,08,17,25,41,47,01,02,"£12,445,500",0
2014-02-07,03,17,19,46,47,09,10,"£21,037,160",1
2014-02-04,01,21,33,37,38,04,08,"£12,433,500",0
2014-01-31,08,10,15,16,31,08,09,"£59,249,232",1
2014-01-28,18,20,23,42,48,02,09,"£49,446,896",0
2014-01-24,05,19,34,35,41,01,05,"£43,002,300",0
2014-01-21,04,12,35,42,48,05,08,"£33,466,124",0
2014-01-17,19,26,32,33,42,04,10,"£27,266,156",0
2014-01-14,18,20,25,26,37,10,11,"£18,577,884",0
2014-01-10,01,02,11,27,29,01,10,"£12,453,000",0
2014-01-07,02,20,27,33,45,06,10,"£108,247,800",2
2014-01-03,03,27,31,38,44,03,08,"£96,289,144",0
2015-12-29,05,20,31,32,36,06,07,"£23,871,796",0
2015-12-25,03,10,25,27,40,03,09,"£18,422,340",0
2015-12-22,18,19,20,40,41,07,10,"£11,112,000",0
2015-12-18,06,22,26,29,48,05,06,"£60,657,148",1
2015-12-15,08,11,23,27,35,04,11,"£51,599,368",0
2015-12-11,03,05,21,40,43,06,11,"£45,271,012",0
2015-12-08,12,17,29,38,48,09,11,"£37,358,160",0
2015-12-04,08,17,18,27,39,01,07,"£31,893,764",0
2015-12-01,02,15,25,35,45,08,10,"£23,663,956",0
2015-11-27,16,29,30,37,50,06,08,"£18,467,154",0
2015-11-24,09,14,16,17,26,10,11,"£10,599,000",0
2015-11-20,04,30,34,46,49,07,08,"£114,814,232",1
2015-11-17,06,07,23,37,38,10,11,"£101,384,896",0
2015-11-13,10,17,18,33,40,02,08,"£92,419,192",0
2015-11-10,06,13,18,39,43,02,08,"£79,495,680",0
2015-11-06,03,17,26,38,40,04,10,"£71,380,000",0
2015-11-03,08,27,39,46,49,02,06,"£39,134,284",0
2015-10-30,08,13,17,21,34,06,07,"£33,935,720",0
2015-10-27,11,12,20,25,36,06,09,"£26,892,568",0
2015-10-23,07,25,30,32,39,02,08,"£22,011,012",0
2015-10-20,17,19,21,30,45,08,10,"£15,634,628",0
2015-10-16,07,28,29,43,48,03,10,"£11,035,500",0
2015-10-13,12,15,26,29,47,03,11,"£23,035,308",2
2015-10-09,01,40,42,43,47,09,11,"£18,085,196",0
2015-10-06,11,20,22,29,32,01,08,"£11,101,500",0
2015-10-02,07,18,21,32,35,02,11,"£11,065,500",1
2015-09-29,11,14,26,29,49,03,09,"£11,152,500",1
2015-09-25,13,14,23,30,37,02,08,"£35,170,064",1
2015-09-22,14,23,26,27,29,07,10,"£27,140,220",0
2015-09-18,07,29,33,34,39,07,08,"£22,450,618",0
2015-09-15,08,15,17,44,49,05,08,"£15,723,801",0
2015-09-11,10,18,19,29,50,01,09,"£11,032,500",0
2015-09-08,14,16,39,40,42,01,04,"£22,464,582",1
2015-09-04,08,09,27,45,50,08,10,"£17,883,898",0
2015-09-01,06,19,21,27,45,01,08,"£11,077,500",0
2015-08-28,11,29,30,31,34,04,07,"£10,908,000",1
2015-08-25,27,31,33,42,50,02,05,"£22,297,656",1
2015-08-21,04,16,18,43,47,06,10,"£17,370,968",0
2015-08-18,07,10,11,12,19,02,09,"£10,582,500",0
2015-08-14,04,07,39,44,45,03,05,"£28,595,278",1
2015-08-11,02,03,08,15,16,04,11,"£21,748,476",0
2015-08-07,01,05,21,39,44,04,11,"£17,058,370",0
2015-08-04,10,15,39,45,50,09,10,"£10,500,000",0
2015-07-31,16,21,34,40,50,06,09,"£17,564,688",1
2015-07-28,23,32,36,43,49,07,08,"£10,639,500",0
2015-07-24,02,09,21,35,46,02,11,"£28,675,998",1
2015-07-21,14,20,27,29,44,07,10,"£21,651,100",0
2015-07-17,01,21,22,43,48,07,09,"£16,844,082",0
2015-07-14,06,18,19,34,36,01,08,"£10,572,000",0
2015-07-10,05,08,15,35,41,04,05,"£29,461,344",1
2015-07-07,06,07,18,33,41,03,10,"£22,161,316",0
2015-07-03,11,12,15,18,44,03,09,"£17,408,172",0
2015-06-30,11,15,28,34,37,01,08,"£10,653,000",0
2015-06-26,03,06,10,19,24,05,07,"£17,954,602",1
2015-06-23,04,16,22,38,49,06,09,"£10,669,500",0
2015-06-19,07,14,20,31,42,03,09,"£17,776,968",1
2015-06-16,10,15,16,36,37,03,09,"£10,785,000",0
2015-06-12,05,08,10,11,37,07,09,"£93,388,944",1
2015-06-09,05,09,17,32,34,06,08,"£82,265,984",0
2015-06-05,02,07,08,45,48,01,09,"£72,850,000",0
2015-06-02,07,23,29,37,41,01,08,"£15,874,102",0
2015-05-29,03,04,20,45,48,06,08,"£10,791,000",0
2015-05-26,05,06,07,21,24,05,06,"£26,656,368",1
2015-05-22,18,24,35,44,45,05,11,"£22,169,936",0
2015-05-19,26,30,31,35,37,08,11,"£15,476,457",0
2015-05-15,05,35,42,44,47,08,09,"£10,932,000",0
2015-05-12,14,29,30,40,46,03,06,"£34,276,744",1
2015-05-08,07,14,19,47,49,03,10,"£29,532,380",0
2015-05-05,01,10,17,20,42,08,09,"£22,723,432",0
2015-05-01,03,19,20,25,26,06,10,"£17,749,912",0
2015-04-28,24,26,28,36,45,07,10,"£10,741,500",0
2015-04-24,05,19,29,31,40,03,10,"£36,298,268",1
2015-04-21,06,14,17,42,45,01,08,"£28,100,414",0
2015-04-17,02,24,30,34,39,08,11,"£22,844,230",0
2015-04-14,24,32,34,35,49,01,02,"£15,639,792",0
2015-04-10,22,23,25,30,43,05,09,"£10,876,500",0
2015-04-07,18,25,39,44,50,05,08,"£15,679,890",1
2015-04-03,27,29,37,39,49,02,04,"£11,055,000",0
2015-03-31,08,20,24,28,49,08,09,"£53,193,912",1
2015-03-27,02,30,32,39,44,06,10,"£47,673,632",0
2015-03-24,10,24,26,39,40,03,10,"£38,975,400",0
2015-03-20,03,14,37,42,48,01,10,"£32,843,196",0
2015-03-17,11,23,26,38,44,01,08,"£24,825,416",0
2015-03-13,04,05,18,22,23,01,03,"£19,376,760",0
2015-03-10,02,06,23,30,31,02,10,"£10,656,000",0
2015-03-06,23,30,47,49,50,02,07,"£72,180,000",1
2015-03-03,06,08,11,13,21,07,08,"£59,016,204",0
2015-02-27,05,14,17,25,47,09,10,"£52,055,696",0
2015-02-24,03,25,28,34,50,01,11,"£43,197,448",0
2015-02-20,04,10,14,37,46,04,07,"£37,807,028",0
2015-02-17,02,05,18,30,43,01,10,"£30,050,324",0
2015-02-13,12,24,39,42,44,03,11,"£24,682,682",0
2015-02-10,13,17,20,30,45,09,10,"£16,073,137",0
2015-02-06,10,26,30,39,50,07,08,"£11,154,000",0
2015-02-03,17,31,33,44,50,07,11,"£11,370,000",1
2015-01-30,09,13,15,19,24,03,08,"£11,244,000",2
2015-01-27,05,10,31,33,40,08,10,"£16,266,792",1
2015-01-23,06,29,30,38,45,01,08,"£11,247,000",0
2015-01-20,15,33,41,44,47,08,10,"£24,827,488",2
2015-01-16,29,30,32,34,46,03,06,"£19,476,380",0
2015-01-13,08,17,21,31,34,09,10,"£11,659,500",0
2015-01-09,06,21,24,32,45,01,11,"£24,754,048",1
2015-01-06,14,20,30,38,49,03,04,"£16,954,080",0
2015-01-02,22,24,25,28,49,03,06,"£11,751,000",0
2016-12-30,08,10,22,29,47,01,03,"£14,538,400",0
2016-12-27,03,22,25,32,39,07,12,"£21,534,784",1
2016-12-23,04,16,20,39,46,02,05,"£14,487,400",0
2016-12-20,13,15,17,21,27,02,03,"£51,875,128",1
2016-12-16,06,10,30,41,45,04,11,"£43,003,168",0
2016-12-13,14,28,29,48,50,02,08,"£32,050,400",0
2016-12-09,06,12,28,37,40,01,05,"£24,450,956",0
2016-12-06,01,07,11,27,45,04,09,"£14,392,200",0
2016-12-02,06,11,23,31,32,02,12,"£24,662,130",1
2016-11-29,21,26,27,28,38,09,11,"£14,494,200",0
2016-11-25,05,11,17,23,28,10,11,"£52,019,424",2
2016-11-22,05,10,33,34,47,02,10,"£40,546,632",0
2016-11-18,03,12,27,32,47,06,08,"£32,720,430",0
2016-11-15,07,15,36,42,48,03,07,"£22,092,234",0
2016-11-11,03,22,23,38,49,02,09,"£14,648,900",0
2016-11-08,05,09,47,49,50,08,09,"£35,072,280",1
2016-11-04,07,11,12,44,48,03,07,"£26,830,014",0
2016-11-01,06,10,20,29,37,01,09,"£15,362,900",0
2016-10-28,10,16,19,23,43,02,08,"£15,667,698",1
2016-10-25,03,15,20,21,28,01,05,"£44,777,160",1
2016-10-21,09,20,23,44,48,08,10,"£35,497,880",0
2016-10-18,02,17,21,25,27,06,09,"£23,638,240",0
2016-10-14,07,13,19,31,34,01,11,"£15,330,600",0
2016-10-11,05,12,20,24,37,04,11,"£153,361,056",1
2016-10-07,02,12,20,27,30,09,11,"£140,104,640",0
2016-10-04,04,07,14,34,38,04,11,"£124,041,720",0
2016-09-30,17,35,37,43,44,02,10,"£112,697,000",0
2016-09-27,06,09,13,39,41,02,12,"£14,671,000",0
2016-09-23,14,16,39,42,49,03,09,"£20,683,054",1
2016-09-20,01,04,10,41,45,06,09,"£12,900,000",0
2016-09-16,05,08,14,22,32,02,11,"£34,037,588",1
2016-09-13,04,07,16,35,44,01,03,"£25,859,082",0
2016-09-09,04,11,15,17,28,01,03,"£20,243,964",0
2016-09-06,12,24,30,34,45,07,10,"£12,579,000",0
2016-09-02,08,16,32,40,50,02,11,"£32,837,523",5
2016-08-30,13,16,29,35,42,06,08,"£25,605,852",0
2016-08-26,01,09,28,30,48,07,08,"£20,257,320",0
2016-08-23,02,23,31,37,45,04,08,"£12,870,000",0
2016-08-19,05,06,22,25,34,05,07,"£47,566,032",1
2016-08-16,02,26,34,37,46,04,08,"£39,327,772",0
2016-08-12,02,15,28,36,50,02,11,"£33,820,376",0
2016-08-09,12,19,43,44,45,05,10,"£25,724,734",0
2016-08-05,16,19,24,35,37,02,07,"£20,140,296",0
2016-08-02,02,08,27,38,46,02,06,"£12,612,000",0
2016-07-29,01,21,26,40,50,02,04,"£61,102,444",1
2016-07-26,03,10,13,45,49,02,11,"£51,731,972",0
2016-07-22,07,24,26,37,45,05,09,"£45,790,416",0
2016-07-19,19,24,28,36,37,03,06,"£38,223,592",0
2016-07-15,02,11,13,14,21,01,08,"£32,611,252",0
2016-07-12,03,07,26,33,41,02,10,"£25,081,394",0
2016-07-08,08,12,18,33,44,04,08,"£20,261,530",0
2016-07-05,01,10,29,38,48,03,04,"£12,760,500",0
2016-07-01,02,11,13,40,50,01,10,"£20,022,696",1
2016-06-28,26,32,37,43,49,04,05,"£12,448,500",0
2016-06-24,11,19,27,28,39,03,10,"£32,395,416",1
2016-06-21,05,17,32,35,49,01,05,"£23,371,932",0
2016-06-17,01,07,18,27,43,04,08,"£18,818,756",0
2016-06-14,13,34,39,42,50,09,11,"£11,928,000",0
2016-06-10,14,21,35,42,43,07,09,"£67,227,344",1
2016-06-07,19,26,35,45,49,02,05,"£57,100,580",0
2016-06-03,07,23,31,33,39,06,10,"£50,611,160",0
2016-05-31,06,12,26,30,48,06,07,"£41,708,724",0
2016-05-27,13,25,27,43,46,04,08,"£35,790,544",0
2016-05-24,16,17,23,34,37,06,09,"£28,279,072",0
2016-05-20,09,14,30,41,45,04,09,"£23,593,584",0
2016-05-17,15,27,32,36,39,03,10,"£16,625,472",0
2016-05-13,07,15,28,31,42,10,11,"£11,811,000",0
2016-05-10,02,26,27,40,49,05,10,"£57,525,792",1
2016-05-06,32,34,40,45,48,01,10,"£51,342,488",0
2016-05-03,08,23,24,34,38,03,07,"£43,360,228",0
2016-04-29,04,05,25,28,43,06,11,"£37,275,720",0
2016-04-26,10,17,31,32,42,02,05,"£28,958,268",0
2016-04-22,17,26,32,34,43,02,10,"£23,868,936",0
2016-04-19,11,14,15,27,44,02,07,"£16,895,104",0
2016-04-15,13,14,32,37,48,01,07,"£11,932,500",0
2016-04-12,01,05,09,22,38,02,10,"£51,818,872",1
2016-04-08,06,08,26,43,49,06,10,"£46,258,072",0
2016-04-05,03,05,09,19,40,02,05,"£37,762,660",0
2016-04-01,02,16,23,25,49,06,09,"£31,942,808",0
2016-03-29,01,04,19,25,36,03,11,"£23,722,612",0
2016-03-25,12,19,36,42,43,05,08,"£18,978,724",0
2016-03-22,12,15,26,42,49,05,08,"£11,845,500",0
2016-03-18,14,19,21,24,49,05,11,"£46,514,104",1
2016-03-15,05,07,10,34,44,02,10,"£38,751,468",0
2016-03-11,01,21,26,40,43,06,09,"£32,729,736",0
2016-03-08,01,08,09,14,23,01,07,"£24,864,878",0
2016-03-04,09,14,16,23,40,01,05,"£19,432,742",0
2016-03-01,04,07,13,28,37,10,11,"£11,698,500",0
2016-02-26,05,13,15,33,50,09,11,"£11,842,500",1
2016-02-23,23,25,32,37,42,01,11,"£24,605,104",1
2016-02-19,13,14,30,32,39,03,09,"£19,006,842",0
2016-02-16,03,10,22,37,50,06,10,"£11,700,000",0
2016-02-12,03,20,28,31,49,02,05,"£24,769,932",1
2016-02-09,06,09,13,28,37,04,05,"£17,090,950",0
2016-02-05,03,27,32,41,46,04,08,"£11,541,000",0
2016-02-02,06,09,10,21,36,02,06,"£11,373,000",1
2016-01-29,01,05,23,29,32,01,07,"£100,765,088",2
2016-01-26,15,24,38,40,48,02,09,"£87,892,392",0
2016-01-22,10,12,27,30,47,08,09,"£79,365,304",0
2016-01-19,02,30,38,43,46,02,07,"£70,146,760",0
2016-01-15,10,19,38,43,46,01,11,"£62,768,100",0
2016-01-12,01,02,10,30,44,01,08,"£52,409,216",0
2016-01-08,05,26,33,35,40,03,08,"£46,235,544",0
2016-01-05,06,10,31,36,39,06,10,"£36,601,816",0
2016-01-01,04,37,38,39,44,04,07,"£31,339,370",0
2017-12-29,04,08,22,23,48,01,12,"£34,588,068",1
2017-12-26,04,17,30,43,44,02,10,"£21,951,424",0
2017-12-22,05,24,30,31,43,03,06,"£15,089,200",0
2017-12-19,08,15,30,38,46,04,07,"£119,876,080",1
2017-12-15,25,30,31,42,50,02,11,"£111,674,784",0
2017-12-12,20,37,39,44,50,04,08,"£101,938,672",0
2017-12-08,04,22,30,32,34,03,04,"£94,304,640",0
2017-12-05,11,36,43,44,48,02,07,"£85,788,776",0
2017-12-01,05,24,29,35,46,11,12,"£79,577,296",0
2017-11-28,01,06,12,18,42,02,07,"£71,866,784",0
2017-11-24,19,24,28,30,50,03,10,"£66,743,324",0
2017-11-21,02,10,14,28,31,05,07,"£54,215,272",0
2017-11-17,20,26,35,36,42,05,12,"£46,135,064",0
2017-11-14,14,16,39,40,41,08,10,"£34,502,480",0
2017-11-10,13,22,29,36,37,01,09,"£26,361,644",0
2017-11-07,07,19,20,37,41,02,12,"£14,970,200",0
2017-11-03,05,12,17,33,41,04,09,"£25,476,778",1
2017-10-31,01,12,36,43,46,03,05,"£14,919,200",0
2017-10-27,03,16,23,32,39,01,04,"£15,011,000",1
2017-10-24,09,11,13,27,33,07,10,"£58,670,144",1
2017-10-20,04,17,23,27,30,03,08,"£49,712,128",0
2017-10-17,13,17,19,26,36,02,03,"£37,871,776",0
2017-10-13,23,29,37,45,50,05,11,"£29,491,384",0
2017-10-10,04,21,34,36,37,03,06,"£15,209,900",0
2017-10-06,01,09,15,19,25,01,07,"£170,810,000",1
2017-10-03,06,24,32,48,50,01,05,"£168,700,992",0
2017-09-29,07,18,19,32,48,03,07,"£157,898,320",0
2017-09-26,01,29,40,41,48,06,12,"£143,626,128",0
2017-09-22,06,11,31,39,42,01,03,"£134,911,776",0
2017-09-19,01,08,21,30,45,02,03,"£123,904,176",0
2017-09-15,13,18,37,44,49,09,12,"£114,504,000",0
2017-09-12,10,17,27,29,35,04,11,"£33,717,076",0
2017-09-08,09,24,42,47,49,01,05,"£25,993,676",0
2017-09-05,06,09,18,28,29,01,09,"£15,560,100",0
2017-09-01,03,07,08,14,49,05,08,"£25,914,012",1
2017-08-29,04,12,15,32,38,01,05,"£15,767,500",0
2017-08-25,01,05,07,15,47,09,12,"£15,735,200",1
2017-08-22,03,10,12,17,27,03,05,"£40,510,684",1
2017-08-18,02,24,39,42,45,02,08,"£32,520,148",0
2017-08-15,10,14,30,35,46,04,10,"£22,117,220",0
2017-08-11,18,28,39,46,48,05,12,"£15,449,600",0
2017-08-08,15,25,26,40,41,04,05,"£33,089,644",1
2017-08-04,29,30,36,40,41,02,09,"£25,529,274",0
2017-08-01,14,21,24,29,30,08,10,"£15,208,200",0
2017-07-28,05,09,29,31,41,02,04,"£51,702,048",1
2017-07-25,12,14,43,44,48,02,11,"£40,445,364",0
2017-07-21,01,08,09,26,49,05,09,"£32,874,048",0
2017-07-18,01,25,27,41,45,05,07,"£22,265,568",0
2017-07-14,11,14,20,21,47,07,10,"£14,900,500",0
2017-07-11,14,22,26,42,50,08,10,"£15,189,500",1
2017-07-07,11,20,35,37,45,03,06,"£25,663,716",1
2017-07-04,10,22,25,37,49,05,08,"£14,943,000",0
2017-06-30,17,35,39,47,50,06,08,"£87,570,000",1
2017-06-27,09,17,21,28,45,01,03,"£70,127,200",0
2017-06-23,03,04,21,31,38,03,07,"£64,082,100",0
2017-06-20,11,18,26,43,44,08,10,"£52,594,376",0
2017-06-16,15,17,38,41,42,09,12,"£44,150,292",0
2017-06-13,03,12,22,27,49,04,11,"£33,506,784",0
2017-06-09,09,20,27,39,43,10,11,"£25,684,768",0
2017-06-06,20,22,25,37,40,03,07,"£14,866,500",0
2017-06-02,08,10,24,33,42,03,09,"£134,808,768",1
2017-05-30,07,12,27,38,48,06,09,"£121,851,560",0
2017-05-26,05,07,26,36,39,02,10,"£113,475,960",0
2017-05-23,08,15,25,27,42,01,04,"£102,101,432",0
2017-05-19,09,11,12,19,30,04,09,"£93,927,016",0
2017-05-16,08,11,15,20,30,03,08,"£84,319,248",0
2017-05-12,02,20,28,29,44,03,09,"£76,813,392",0
2017-05-09,08,12,16,22,26,06,07,"£68,249,432",0
2017-05-05,03,07,30,35,43,01,03,"£63,162,408",0
2017-05-02,06,19,23,25,27,11,12,"£55,848,628",0
2017-04-28,14,20,25,30,39,02,08,"£48,309,588",0
2017-04-25,09,11,19,32,43,03,09,"£38,059,268",0
2017-04-21,02,13,16,22,49,04,05,"£30,153,752",0
2017-04-18,17,22,31,38,45,05,12,"£20,624,200",0
2017-04-14,04,14,20,23,33,06,10,"£14,422,800",0
2017-04-11,05,21,22,31,49,02,08,"£70,887,896",1
2017-04-07,02,10,19,35,50,06,07,"£65,668,144",0
2017-04-04,01,09,24,33,34,02,06,"£58,513,592",0
2017-03-31,17,24,26,28,45,04,12,"£49,849,008",0
2017-03-28,09,13,31,33,46,06,10,"£39,630,352",0
2017-03-24,02,17,21,27,34,05,09,"£31,918,888",0
2017-03-21,01,20,23,44,47,04,11,"£21,818,290",0
2017-03-17,06,10,19,29,36,03,09,"£14,742,400",0
2017-03-14,03,05,21,36,44,03,06,"£70,387,000",1
2017-03-10,31,36,38,47,49,08,11,"£64,931,864",0
2017-03-07,06,37,41,48,50,04,05,"£51,910,688",0
2017-03-03,02,11,29,30,47,01,12,"£43,311,596",0
2017-02-28,10,20,31,35,42,02,12,"£31,923,442",0
2017-02-24,02,04,13,22,43,08,09,"£24,449,172",0
2017-02-21,13,19,41,45,49,03,04,"£14,383,700",0
2017-02-17,19,25,33,36,48,02,09,"£14,509,500",1
2017-02-14,02,10,24,40,44,03,10,"£39,975,924",2
2017-02-10,07,21,26,35,43,02,09,"£32,204,120",0
2017-02-07,04,10,31,38,44,08,10,"£21,809,972",0
2017-02-03,03,04,15,46,50,05,09,"£14,686,300",0
2017-01-31,03,04,17,23,44,06,09,"£22,233,944",1
2017-01-27,17,20,28,45,48,05,09,"£14,495,900",0
2017-01-24,01,05,07,17,23,03,08,"£76,052,176",1
2017-01-20,10,17,27,31,49,03,05,"£70,419,456",0
2017-01-17,04,16,25,43,47,02,10,"£62,366,696",0
2017-01-13,03,07,16,26,50,04,07,"£53,936,316",0
2017-01-10,02,11,29,35,44,04,09,"£40,259,648",0
2017-01-06,10,14,18,21,49,09,11,"£31,898,944",0
2017-01-03,19,23,27,34,49,01,11,"£21,591,336",0
2018-12-28,13,16,34,35,45,10,12,"£108,543,760",0
2018-12-25,04,05,08,31,43,02,09,"£99,026,384",0
2018-12-21,02,12,15,34,50,03,04,"£92,134,456",0
2018-12-18,01,09,18,39,48,05,07,"£83,057,504",0
2018-12-14,12,29,38,42,44,02,12,"£76,884,344",0
2018-12-11,04,07,13,23,42,01,03,"£69,712,544",0
2018-12-07,11,17,26,37,48,01,10,"£63,478,324",0
2018-12-04,19,20,21,42,45,08,09,"£51,799,992",0
2018-11-30,03,10,12,23,26,01,12,"£43,374,192",0
2018-11-27,04,16,17,18,32,02,11,"£32,439,820",0
2018-11-23,05,08,25,26,30,03,10,"£24,866,684",0
2018-11-20,06,19,39,45,48,07,12,"£15,130,000",0
2018-11-16,09,10,13,28,41,01,12,"£44,832,936",1
2018-11-13,02,07,10,13,42,03,06,"£33,184,924",0
2018-11-09,14,17,32,37,49,11,12,"£25,702,466",0
2018-11-06,14,24,36,40,43,02,09,"£14,832,500",0
2018-11-02,05,15,17,37,44,07,11,"£76,369,808",1
2018-10-30,17,23,27,43,44,01,12,"£70,193,992",0
2018-10-26,05,18,21,31,35,06,09,"£64,245,816",0
2018-10-23,01,02,05,21,32,02,12,"£52,107,396",0
2018-10-19,01,03,29,47,48,03,12,"£43,581,440",0
2018-10-16,15,28,37,40,42,01,06,"£32,638,800",0
2018-10-12,04,09,12,31,43,05,08,"£25,070,150",0
2018-10-09,03,12,36,44,45,08,11,"£14,873,300",0
2018-10-05,08,16,24,26,35,03,11,"£14,948,100",1
2018-10-02,07,17,29,37,45,03,11,"£144,603,632",1
2018-09-28,02,04,08,27,50,02,09,"£135,382,688",0
2018-09-25,06,15,20,30,38,04,07,"£124,411,808",0
2018-09-21,05,07,21,25,37,03,04,"£116,870,000",0
2018-09-18,03,08,10,32,45,04,12,"£40,651,936",0
2018-09-14,01,03,33,40,45,03,04,"£32,776,220",0
2018-09-11,09,18,32,38,46,02,03,"£22,382,448",0
2018-09-07,04,23,27,31,50,01,08,"£15,216,700",0
2018-09-04,05,14,28,30,47,04,11,"£40,979,972",1
2018-08-31,04,30,31,38,42,04,06,"£32,721,628",0
2018-08-28,04,16,32,42,46,08,12,"£22,758,648",0
2018-08-24,03,14,31,36,50,01,12,"£15,393,500",0
2018-08-21,16,23,42,43,49,10,12,"£96,785,704",1
2018-08-17,02,15,18,24,43,08,12,"£89,766,680",0
2018-08-14,01,15,18,25,31,09,11,"£81,090,232",0
2018-08-10,18,20,36,43,44,03,09,"£75,029,184",0
2018-08-07,16,28,29,30,36,08,10,"£67,719,960",0
2018-08-03,07,26,36,38,43,06,12,"£61,780,384",0
2018-07-31,20,25,34,42,45,06,11,"£50,637,584",0
2018-07-27,11,17,22,23,41,06,11,"£42,386,532",0
2018-07-24,02,04,23,39,40,03,09,"£32,023,424",0
2018-07-20,02,15,40,43,46,03,06,"£24,941,396",0
2018-07-17,04,06,27,48,50,01,11,"£15,126,600",0
2018-07-13,01,04,14,21,49,02,12,"£15,021,200",1
2018-07-10,03,08,26,33,45,07,10,"£57,975,368",1
2018-07-06,08,30,33,38,48,02,10,"£49,801,492",0
2018-07-03,01,12,15,29,48,03,05,"£39,091,736",0
2018-06-29,15,21,23,40,48,03,12,"£31,647,298",0
2018-06-26,15,16,20,34,50,04,07,"£21,730,844",0
2018-06-22,14,25,39,41,44,02,08,"£14,960,000",0
2018-06-19,07,19,26,42,50,04,09,"£31,809,040",1
2018-06-15,23,26,33,38,49,01,12,"£24,560,828",0
2018-06-12,07,21,23,36,38,06,08,"£14,954,900",0
2018-06-08,08,19,32,43,46,02,08,"£14,931,100",1
2018-06-05,09,15,22,39,46,04,05,"£14,886,900",1
2018-06-01,17,18,24,29,40,04,05,"£69,944,632",2
2018-05-29,06,11,20,38,43,02,04,"£57,637,756",0
2018-05-25,13,15,16,28,41,04,05,"£50,089,464",0
2018-05-22,01,11,37,41,48,08,12,"£39,384,424",0
2018-05-18,05,08,10,13,31,03,06,"£32,040,070",0
2018-05-15,04,16,20,31,39,02,12,"£22,065,748",0
2018-05-11,03,22,34,49,50,08,11,"£15,004,200",0
2018-05-08,17,25,35,39,44,02,05,"£39,948,584",1
2018-05-04,06,12,23,39,45,09,12,"£32,659,632",0
2018-05-01,06,15,17,42,48,04,06,"£21,805,468",0
2018-04-27,12,24,40,41,46,05,12,"£14,958,300",0
2018-04-24,20,23,28,30,44,03,07,"£121,328,184",1
2018-04-20,03,16,25,39,44,07,11,"£114,010,000",0
2018-04-17,15,27,33,39,50,04,06,"£22,289,222",0
2018-04-13,05,25,34,48,50,06,07,"£14,740,700",0
2018-04-10,14,27,39,46,48,11,12,"£14,829,100",1
2018-04-06,01,29,33,45,47,04,08,"£66,429,608",1
2018-04-03,03,08,16,40,43,05,08,"£59,156,132",0
2018-03-30,12,17,28,35,47,07,11,"£51,598,288",0
2018-03-27,17,20,23,40,46,09,10,"£40,629,120",0
2018-03-23,05,07,11,46,50,08,11,"£32,771,740",0
2018-03-20,26,29,37,39,44,09,11,"£22,265,428",0
2018-03-16,04,17,24,27,31,10,11,"£14,992,300",0
2018-03-13,09,11,13,33,49,06,12,"£54,643,468",1
2018-03-09,09,14,21,32,44,01,12,"£45,846,428",0
2018-03-06,15,20,26,31,44,02,09,"£34,392,264",0
2018-03-02,02,07,34,45,48,01,12,"£26,096,672",0
2018-02-27,03,31,41,48,50,08,11,"£14,956,600",0
2018-02-23,10,17,18,28,47,03,07,"£155,597,792",2
2018-02-20,06,14,19,25,29,05,11,"£142,157,616",0
2018-02-16,10,12,23,32,50,04,10,"£133,365,224",0
2018-02-13,10,13,17,21,44,01,10,"£123,305,864",0
2018-02-09,22,31,36,38,44,01,11,"£114,539,544",0
2018-02-06,08,17,28,34,38,06,12,"£104,423,104",0
2018-02-02,14,34,36,39,48,02,03,"£95,972,672",0
2018-01-30,11,15,21,27,35,04,05,"£86,173,608",0
2018-01-26,06,15,24,28,48,04,09,"£79,917,040",0
2018-01-23,05,08,09,23,24,07,08,"£71,872,848",0
2018-01-19,03,08,17,44,50,02,07,"£66,212,716",0
2018-01-16,20,23,31,34,46,03,12,"£54,434,216",0
2018-01-12,13,21,23,30,45,04,06,"£45,394,452",0
2018-01-09,06,12,15,38,49,02,09,"£33,484,288",0
2018-01-05,02,05,20,38,41,04,08,"£25,687,588",0
2018-01-02,10,20,21,28,48,01,08,"£15,084,100",0
2019-12-31,26,31,33,41,48,02,04,"£44,717,396",0
2019-12-27,01,07,22,26,35,05,10,"£33,089,326",0
2019-12-24,03,11,13,14,47,03,06,"£23,534,756",0
2019-12-20,08,24,30,32,34,03,04,"£14,484,000",0
2019-12-17,01,07,12,25,49,06,09,"£41,621,418",1
2019-12-13,09,16,18,23,32,02,10,"£32,875,644",0
2019-12-10,02,10,19,21,47,02,08,"£21,715,889",0
2019-12-06,01,03,27,39,46,01,10,"£14,319,100",0
2019-12-03,18,31,32,38,48,04,12,"£40,957,697",1
2019-11-29,03,07,12,42,50,06,08,"£32,747,133",0
2019-11-26,02,03,15,19,34,05,08,"£22,196,254",0
2019-11-22,03,21,32,34,48,03,11,"£14,608,100",0
2019-11-19,08,10,15,30,42,04,06,"£105,100,702",1
2019-11-15,03,13,20,32,34,04,11,"£98,311,223",0
2019-11-12,01,21,23,25,39,02,04,"£89,866,288",0
2019-11-08,08,17,20,23,45,02,08,"£84,012,704",0
2019-11-05,09,14,25,33,48,02,12,"£74,873,475",0
2019-11-01,02,20,39,44,48,05,07,"£69,286,018",0
2019-10-29,16,18,28,42,49,05,10,"£62,293,451",0
2019-10-25,34,37,39,40,50,04,10,"£53,313,310",0
2019-10-22,02,05,32,33,47,07,08,"£41,922,445",0
2019-10-18,08,18,22,41,42,11,12,"£33,536,983",0
2019-10-15,03,28,31,32,34,04,05,"£22,772,993",0
2019-10-11,02,14,19,42,45,05,06,"£14,830,800",0
2019-10-08,07,10,15,44,49,03,12,"£170,221,000",1
2019-10-04,06,09,35,41,44,06,09,"£169,024,000",0
2019-10-01,02,11,18,40,46,01,04,"£168,720,000",0
2019-09-27,24,37,41,43,46,02,08,"£169,005,000",0
2019-09-24,02,33,42,47,48,01,02,"£167,751,000",0
2019-09-20,08,21,25,38,50,04,08,"£167,609,701",0
2019-09-17,22,37,43,44,45,01,12,"£155,282,163",0
2019-09-13,01,12,27,42,47,06,07,"£145,566,007",0
2019-09-10,03,22,25,30,49,03,06,"£134,122,038",0
2019-09-06,10,13,22,40,48,02,05,"£125,665,319",0
2019-09-03,07,11,38,39,44,07,10,"£116,404,085",0
2019-08-30,25,27,45,46,49,04,06,"£107,759,330",0
2019-08-27,08,26,35,43,47,01,09,"£97,958,413",0
2019-08-23,04,17,35,42,45,02,08,"£91,533,020",0
2019-08-20,20,22,23,24,37,01,04,"£83,338,679",0
2019-08-16,09,10,27,37,42,01,05,"£77,208,525",0
2019-08-13,13,29,31,33,40,02,03,"£70,899,768",0
2019-08-09,02,14,35,41,42,10,11,"£65,218,898",0
2019-08-06,12,13,29,36,38,04,12,"£52,917,787",0
2019-08-02,13,22,33,44,50,02,05,"£43,958,121",0
2019-07-30,15,20,23,27,40,03,06,"£33,364,792",0
2019-07-26,02,05,27,37,42,03,10,"£25,032,609",0
2019-07-23,01,14,19,23,38,03,07,"£15,254,100",0
2019-07-19,13,14,17,26,28,02,07,"£96,710,509",1
2019-07-16,03,05,13,18,39,07,08,"£88,185,562",0
2019-07-12,02,31,39,45,47,04,08,"£81,180,289",0
2019-07-09,07,29,32,36,41,06,07,"£73,547,916",0
2019-07-05,02,09,20,34,42,06,09,"£67,458,174",0
2019-07-02,11,19,29,44,45,08,12,"£60,173,279",0
2019-06-28,01,03,16,33,49,02,11,"£51,583,856",0
2019-06-25,06,26,27,34,46,01,09,"£40,597,881",0
2019-06-21,05,08,09,25,39,03,07,"£32,775,384",0
2019-06-18,12,24,37,40,44,03,07,"£22,579,505",0
2019-06-14,01,13,30,31,39,02,07,"£15,152,100",0
2019-06-11,25,27,39,42,46,11,12,"£123,458,008",1
2019-06-07,01,04,16,20,34,02,05,"£115,726,000",0
2019-06-04,09,31,32,39,41,02,08,"£22,504,557",0
2019-05-31,01,23,24,26,35,01,11,"£15,034,800",0
2019-05-28,07,19,20,28,29,01,05,"£57,674,610",2
2019-05-24,05,16,23,30,49,06,07,"£49,736,732",0
2019-05-21,32,33,34,39,47,08,12,"£39,211,724",0
2019-05-17,16,28,42,43,45,06,07,"£31,674,666",0
2019-05-14,10,14,17,25,50,02,10,"£21,687,520",0
2019-05-10,01,04,27,45,48,01,07,"£14,694,800",0
2019-05-07,07,20,26,32,47,02,11,"£21,438,454",1
2019-05-03,02,09,20,27,43,05,06,"£14,467,000",0
2019-04-30,05,12,20,26,48,02,11,"£21,815,836",1
2019-04-26,14,33,35,47,50,09,11,"£14,682,900",0
2019-04-23,18,23,27,42,44,02,07,"£38,254,644",1
2019-04-19,07,08,32,41,49,05,11,"£31,273,852",0
2019-04-16,01,08,15,44,49,02,11,"£21,879,092",0
2019-04-12,01,28,35,36,46,06,09,"£14,701,600",0
2019-04-09,18,21,29,38,41,01,11,"£68,329,656",1
2019-04-05,01,07,10,29,45,03,05,"£62,771,732",0
2019-04-02,02,09,16,26,36,06,07,"£50,833,888",0
2019-03-29,13,23,26,32,47,06,10,"£43,015,000",0
2019-03-26,12,19,23,43,47,02,06,"£32,010,912",0
2019-03-22,04,17,26,30,43,06,11,"£24,580,716",0
2019-03-19,01,06,09,34,47,07,12,"£14,552,000",0
2019-03-15,03,15,24,42,46,09,12,"£71,057,440",1
2019-03-12,05,07,13,19,31,02,09,"£64,356,516",0
2019-03-08,17,18,19,24,40,04,08,"£55,265,840",0
2019-03-05,06,10,16,39,46,08,11,"£43,294,160",0
2019-03-01,06,09,19,26,31,11,12,"£35,148,480",0
2019-02-26,03,15,29,35,47,03,04,"£22,256,332",0
2019-02-22,03,27,29,33,50,03,07,"£14,773,000",0
2019-02-19,01,08,18,19,39,07,09,"£152,400,368",1
2019-02-15,15,27,34,38,49,02,10,"£144,375,568",0
2019-02-12,06,34,36,41,50,01,05,"£133,312,304",0
2019-02-08,11,12,13,39,46,07,10,"£123,991,632",0
2019-02-05,14,25,31,37,43,02,03,"£113,958,152",0
2019-02-01,03,21,26,41,46,01,06,"£105,204,000",0
2019-01-29,14,24,26,32,39,03,08,"£75,051,592",0
2019-01-25,01,06,13,15,16,06,10,"£68,153,944",0
2019-01-22,09,23,29,41,49,08,10,"£61,621,960",0
2019-01-18,05,06,16,30,46,05,10,"£53,285,988",0
2019-01-15,22,25,29,33,35,03,06,"£42,137,452",0
2019-01-11,01,19,31,39,48,01,06,"£34,004,536",0
2019-01-08,03,19,22,31,32,02,11,"£23,253,236",0
2019-01-04,07,11,19,27,37,06,10,"£15,228,600",0
2019-01-01,01,08,11,25,28,04,06,"£114,969,776",1
2020-12-29,07,32,39,40,45,03,08,"£25,557,847",0
2020-12-25,16,21,27,30,32,03,05,"£15,595,800",0
2020-12-22,02,10,16,42,50,04,11,"£39,844,969",1
2020-12-18,02,03,13,17,21,07,08,"£28,785,119",0
2020-12-15,09,13,21,29,35,01,02,"£15,398,600",0
2020-12-11,06,09,13,24,41,03,12,"£183,120,000",1
2020-12-08,01,04,21,24,46,02,12,"£181,500,000",0
2020-12-04,14,20,27,34,38,01,11,"£180,800,000",0
2020-12-01,14,20,29,47,49,04,12,"£160,906,372",0
2020-11-27,02,05,08,14,16,08,09,"£146,729,731",0
2020-11-24,25,33,38,42,50,08,12,"£128,449,942",0
2020-11-20,28,29,39,48,50,05,07,"£116,103,000",0
2020-11-17,16,19,25,30,44,02,06,"£69,354,137",0
2020-11-13,01,05,17,28,31,01,10,"£60,684,475",0
2020-11-10,03,19,29,32,38,05,12,"£45,088,804",0
2020-11-06,07,12,37,40,50,01,02,"£36,006,084",0
2020-11-03,05,07,18,20,30,06,07,"£23,844,506",0
2020-10-30,12,16,20,21,28,03,09,"£15,301,700",0
2020-10-27,13,15,28,32,44,03,12,"£79,315,198",1
2020-10-23,10,15,19,21,23,03,12,"£70,979,568",0
2020-10-20,05,06,15,37,42,03,04,"£59,778,232",0
2020-10-16,15,33,38,40,50,03,06,"£49,383,832",0
2020-10-13,05,14,38,41,46,01,10,"£36,618,665",0
2020-10-09,11,15,35,41,50,05,08,"£27,489,353",0
2020-10-06,04,21,36,41,47,09,11,"£15,485,300",0
2020-10-02,06,12,15,40,45,03,09,"£27,761,091",1
2020-09-29,04,14,16,41,44,11,12,"£15,531,200",0
2020-09-25,19,23,34,37,45,01,07,"£118,729,000",1
2020-09-22,16,25,28,39,40,01,06,"£71,063,522",0
2020-09-18,02,10,19,25,45,01,07,"£61,732,489",0
2020-09-15,16,20,25,30,38,06,08,"£47,250,235",0
2020-09-11,34,38,42,43,45,09,12,"£37,525,275",0
2020-09-08,02,09,31,35,41,09,12,"£24,534,097",0
2020-09-04,06,22,29,40,43,04,07,"£15,174,200",0
2020-09-01,04,08,10,33,46,08,11,"£139,992,069",1
2020-08-28,07,12,16,17,31,07,09,"£126,895,018",0
2020-08-25,07,18,30,37,39,08,10,"£112,618,069",0
2020-08-21,10,15,35,44,50,03,05,"£100,807,281",0
2020-08-18,06,12,17,34,42,05,12,"£87,266,444",0
2020-08-14,09,10,19,42,49,04,12,"£77,977,112",0
2020-08-11,08,13,14,42,50,03,09,"£66,130,274",0
2020-08-07,05,20,21,36,41,06,11,"£57,863,944",0
2020-08-04,01,02,05,15,42,05,08,"£44,373,299",0
2020-07-31,21,24,30,46,49,02,05,"£35,077,775",0
2020-07-28,09,13,15,17,34,02,07,"£23,795,774",0
2020-07-24,08,09,27,28,50,04,12,"£15,483,600",0
2020-07-21,14,15,24,29,42,02,04,"£44,865,863",1
2020-07-17,07,15,27,41,43,07,09,"£35,838,894",0
2020-07-14,11,22,30,37,47,09,10,"£24,013,488",0
2020-07-10,15,17,23,30,38,02,07,"£15,225,200",0
2020-07-07,12,16,23,33,41,08,10,"£130,059,174",1
2020-07-03,04,16,27,37,39,03,06,"£117,260,000",0
2020-06-30,01,06,11,28,42,02,10,"£56,510,237",0
2020-06-26,01,10,12,21,26,05,11,"£46,859,882",0
2020-06-23,02,12,19,46,49,01,08,"£34,732,623",0
2020-06-19,05,14,19,24,43,03,11,"£26,333,468",0
2020-06-16,04,09,11,17,39,02,10,"£15,245,600",0
2020-06-12,02,24,39,45,46,04,08,"£46,399,553",1
2020-06-09,05,15,27,36,46,02,08,"£34,451,775",0
2020-06-05,05,11,17,24,37,03,06,"£25,999,539",0
2020-06-02,10,12,22,26,49,07,11,"£15,148,700",0
2020-05-29,04,08,11,19,46,04,08,"£15,294,900",1
2020-05-26,04,09,14,21,27,04,06,"£33,061,411",2
2020-05-22,03,18,22,27,32,02,07,"£25,387,006",0
2020-05-19,05,25,32,37,43,06,07,"£15,170,800",0
2020-05-15,11,23,32,34,39,01,06,"£65,175,962",1
2020-05-12,09,16,29,37,39,04,11,"£56,472,701",0
2020-05-08,08,25,32,33,38,07,09,"£49,837,132",0
2020-05-05,02,10,22,27,41,02,03,"£42,596,857",0
2020-05-01,19,20,38,45,47,02,06,"£36,228,690",0
2020-04-28,15,23,26,28,32,01,05,"£28,167,968",0
2020-04-24,01,05,19,21,28,04,07,"£22,310,697",0
2020-04-21,10,11,14,23,28,06,08,"£15,026,300",0
2020-04-17,16,28,32,37,45,01,11,"£58,366,488",1
2020-04-14,06,29,34,35,40,04,11,"£51,538,058",0
2020-04-10,03,10,17,33,39,01,04,"£46,937,085",0
2020-04-07,04,05,14,33,48,07,12,"£40,506,751",0
2020-04-03,16,19,34,46,50,02,06,"£34,546,128",0
2020-03-31,12,17,24,30,36,01,09,"£27,308,650",0
2020-03-27,11,14,27,41,46,02,03,"£22,095,531",0
2020-03-24,07,12,26,30,33,10,11,"£15,621,300",0
2020-03-20,03,09,20,34,40,06,12,"£15,696,100",1
2020-03-17,05,07,08,16,20,02,12,"£57,869,670",1
2020-03-13,03,11,21,27,36,09,10,"£50,321,191",0
2020-03-10,11,23,30,37,43,05,12,"£35,567,254",0
2020-03-06,15,38,43,45,46,01,11,"£26,423,336",0
2020-03-03,04,14,27,44,45,01,10,"£14,841,000",0
2020-02-28,08,11,20,22,23,03,04,"£57,826,962",1
2020-02-25,01,04,18,27,42,04,06,"£43,515,336",0
2020-02-21,07,23,30,32,45,05,09,"£34,421,724",0
2020-02-18,11,32,34,38,47,02,10,"£22,469,712",0
2020-02-14,05,20,35,41,49,06,10,"£14,140,600",0
2020-02-11,24,26,32,43,46,06,10,"£14,342,900",1
2020-02-07,09,15,17,25,40,03,09,"£110,500,000",1
2020-02-04,21,23,33,35,47,06,07,"£34,634,832",0
2020-01-31,13,18,20,23,30,02,04,"£24,336,652",0
2020-01-28,01,19,27,31,38,04,05,"£14,409,200",0
2020-01-24,03,04,06,09,24,05,08,"£24,139,851",1
2020-01-21,10,11,24,36,46,03,05,"£14,463,600",0
2020-01-17,08,19,20,29,44,03,08,"£85,964,733",1
2020-01-14,21,25,29,39,44,08,09,"£78,000,490",0
2020-01-10,06,17,32,44,46,02,06,"£71,717,560",0
2020-01-07,05,08,12,37,43,06,11,"£64,021,946",0
2020-01-03,05,15,20,36,47,08,12,"£55,523,057",0
2021-12-31,07,22,25,43,49,06,07,"£14,788,260",1
2021-12-28,04,06,15,17,29,09,12,"£66,903,928",1
2021-12-24,02,26,28,34,41,05,10,"£58,741,896",0
2021-12-21,12,17,21,34,38,02,03,"£44,829,384",0
2021-12-17,01,02,15,30,35,02,07,"£35,175,553",0
2021-12-14,19,21,37,47,48,03,06,"£23,257,356",0
2021-12-10,11,21,33,38,42,02,08,"£14,518,000",0
2021-12-07,22,31,38,46,47,07,11,"£122,150,223",1
2021-12-03,21,22,29,32,46,09,10,"£111,176,000",0
2021-11-30,19,20,26,33,43,01,04,"£14,501,000",0
2021-11-26,01,20,41,42,50,03,07,"£137,864,547",1
2021-11-23,17,21,36,42,46,07,10,"£122,108,668",0
2021-11-19,22,26,38,47,50,02,06,"£111,127,331",0
2021-11-16,09,19,21,32,36,03,04,"£98,160,844",0
2021-11-12,02,09,15,47,50,06,09,"£89,439,998",0
2021-11-09,17,25,26,33,36,01,08,"£77,468,576",0
2021-11-05,02,12,25,30,41,08,11,"£68,724,444",0
2021-11-02,02,03,17,29,43,01,04,"£57,114,246",0
2021-10-29,10,15,28,32,49,03,09,"£47,441,476",0
2021-10-26,12,15,20,42,44,01,02,"£34,759,941",0
2021-10-22,12,17,22,33,39,02,12,"£26,052,151",0
2021-10-19,04,20,36,40,41,01,06,"£14,348,000",0
2021-10-15,21,26,31,34,49,02,05,"£185,548,000",1
2021-10-12,06,13,22,45,49,10,11,"£186,780,000",0
2021-10-08,01,10,23,42,46,03,05,"£174,236,090",0
2021-10-05,11,13,14,36,45,07,09,"£153,912,260",0
2021-10-01,01,15,19,26,48,06,12,"£140,503,213",0
2021-09-28,06,07,12,33,39,01,07,"£124,787,147",0
2021-09-24,02,12,20,27,41,10,12,"£111,514,000",0
2021-09-21,20,25,26,30,38,02,08,"£43,202,295",0
2021-09-17,05,07,08,10,34,01,09,"£33,997,943",0
2021-09-14,12,18,35,38,45,02,08,"£22,635,401",0
2021-09-10,01,06,07,18,28,02,08,"£14,519,700",0
2021-09-07,07,19,35,42,43,07,09,"£22,846,891",1
2021-09-03,05,07,13,29,35,03,07,"£14,572,400",0
2021-08-31,05,13,17,32,43,02,10,"£54,613,162",3
2021-08-27,02,03,31,46,50,08,12,"£45,496,988",0
2021-08-24,19,21,36,44,50,03,10,"£33,769,472",0
2021-08-20,03,09,19,20,23,09,11,"£25,427,047",0
2021-08-17,12,31,41,42,47,04,06,"£14,502,700",0
2021-08-13,06,12,44,47,49,08,12,"£96,295,864",1
2021-08-10,09,37,47,48,49,02,07,"£80,768,518",0
2021-08-06,07,14,21,26,32,04,12,"£71,953,143",0
2021-08-03,17,21,23,45,46,07,11,"£61,543,198",0
2021-07-30,10,23,33,35,37,05,10,"£53,612,736",0
2021-07-27,05,09,19,21,25,10,12,"£41,620,685",0
2021-07-23,23,24,26,34,50,02,04,"£33,265,919",0
2021-07-20,03,12,19,41,48,06,09,"£22,680,547",0
2021-07-16,05,16,42,47,49,03,11,"£14,591,100",0
2021-07-13,05,06,08,11,22,03,04,"£22,605,876",1
2021-07-09,06,19,36,37,49,04,11,"£14,545,200",0
2021-07-06,02,05,21,27,42,09,11,"£14,572,400",1
2021-07-02,09,14,29,38,49,07,10,"£66,920,458",1
2021-06-29,06,12,20,24,48,05,06,"£55,319,641",0
2021-06-25,01,29,30,33,36,03,12,"£46,189,363",0
2021-06-22,06,24,26,27,41,03,08,"£34,205,994",0
2021-06-18,11,20,27,30,41,03,05,"£25,792,320",0
2021-06-15,11,21,26,30,31,02,03,"£14,650,600",0
2021-06-11,09,17,21,33,39,07,11,"£26,086,547",1
2021-06-08,02,11,26,36,47,07,09,"£14,630,200",0
2021-06-04,07,20,36,40,46,02,04,"£111,540,000",1
2021-06-01,03,10,26,35,44,06,07,"£76,697,764",0
2021-05-28,11,13,16,34,40,01,12,"£67,621,751",0
2021-05-25,01,21,26,30,38,02,08,"£57,062,224",0
2021-05-21,02,09,13,15,35,03,10,"£47,309,401",0
2021-05-18,05,13,38,39,40,04,12,"£35,026,951",0
2021-05-14,06,16,18,29,38,06,11,"£26,067,927",0
2021-05-11,14,25,34,43,46,05,06,"£14,611,500",0
2021-05-07,14,22,33,38,47,08,09,"£60,398,926",1
2021-05-04,03,10,13,28,46,04,11,"£46,934,848",0
2021-04-30,01,16,24,28,46,02,11,"£37,822,859",0
2021-04-27,13,14,24,35,49,01,10,"£23,689,352",0
2021-04-23,03,14,15,19,29,02,08,"£14,818,900",0
2021-04-20,05,17,28,41,46,10,11,"£59,041,813",1
2021-04-16,06,11,29,40,48,05,09,"£49,320,956",0
2021-04-13,16,20,31,47,50,02,08,"£36,649,681",0
2021-04-09,02,08,32,35,44,08,11,"£27,117,635",0
2021-04-06,02,21,37,38,50,07,08,"£14,611,500",0
2021-04-02,04,21,34,40,47,02,05,"£122,550,351",1
2021-03-30,24,27,28,29,42,04,08,"£109,533,174",0
2021-03-26,10,12,37,49,50,03,08,"£98,680,896",0
2021-03-23,02,26,29,36,49,03,09,"£85,405,694",0
2021-03-19,03,09,35,43,44,01,10,"£75,281,575",0
2021-03-16,23,25,32,35,47,02,06,"£62,934,911",0
2021-03-12,04,06,09,11,44,10,11,"£52,197,036",0
2021-03-09,01,16,21,32,33,11,12,"£37,825,963",0
2021-03-05,04,05,39,46,48,07,10,"£27,914,329",0
2021-03-02,02,19,24,26,49,06,07,"£14,728,800",0
2021-02-26,06,12,22,29,33,06,11,"£182,028,000",1
2021-02-23,09,18,30,39,45,01,03,"£180,663,000",0
2021-02-19,04,12,25,46,48,07,12,"£178,761,140",0
2021-02-16,05,09,25,29,30,06,07,"£157,644,778",0
2021-02-12,07,23,30,32,36,08,12,"£144,125,471",0
2021-02-09,05,10,24,31,37,09,10,"£127,347,464",0
2021-02-05,12,19,37,44,45,02,06,"£114,088,000",0
2021-02-02,18,20,35,38,48,09,12,"£36,764,670",0
2021-01-29,01,05,27,36,42,01,06,"£27,189,645",0
2021-01-26,05,07,25,37,40,02,08,"£15,067,100",0
2021-01-22,08,16,42,44,47,06,07,"£71,712,110",1
2021-01-19,25,27,31,35,43,05,06,"£60,310,182",0
2021-01-15,04,10,27,38,40,03,11,"£50,129,756",0
2021-01-12,02,10,18,34,35,06,09,"£37,176,013",0
2021-01-08,18,23,37,41,42,04,06,"£27,784,790",0
2021-01-05,12,34,37,38,42,01,03,"£15,352,700",0
2021-01-01,16,28,32,44,48,01,09,"£39,774,466",1
2022-12-30,17,34,42,47,48,01,09,"£15,080,700",0
2022-12-27,19,31,33,34,43,03,05,"£23,875,805",1
2022-12-23,16,17,23,26,35,05,11,"£14,999,100",0
2022-12-20,01,11,17,20,27,04,05,"£45,082,941",1
2022-12-16,02,15,19,35,44,02,07,"£35,395,096",0
2022-12-13,03,09,12,26,30,10,11,"£23,268,384",0
2022-12-09,08,27,31,46,50,01,03,"£14,614,900",0
2022-12-06,12,20,25,26,27,08,12,"£123,320,251",1
2022-12-02,12,21,35,39,45,06,11,"£111,540,000",0
2022-11-29,15,20,24,35,38,08,12,"£75,920,333",0
2022-11-25,19,21,35,37,39,02,06,"£67,132,541",0
2022-11-22,21,22,24,29,42,03,11,"£56,748,589",0
2022-11-18,13,16,19,35,41,01,11,"£47,550,303",0
2022-11-15,13,21,24,31,33,01,12,"£35,479,091",0
2022-11-11,02,19,24,25,44,02,10,"£26,494,350",0
2022-11-08,03,05,32,33,50,01,08,"£14,856,300",0
2022-11-04,02,11,37,45,47,02,03,"£140,883,229",1
2022-11-01,19,37,42,47,48,01,06,"£122,547,643",0
2022-10-28,14,16,21,28,35,01,11,"£111,894,067",0
2022-10-25,07,24,34,39,46,01,06,"£100,076,816",0
2022-10-21,25,26,28,38,40,01,06,"£90,544,468",0
2022-10-18,03,05,13,42,48,01,06,"£78,341,770",0
2022-10-14,24,28,29,34,48,03,07,"£69,613,418",0
2022-10-11,08,23,32,35,40,01,08,"£59,380,835",0
2022-10-07,26,27,42,45,50,01,12,"£49,259,271",0
2022-10-04,03,18,28,42,43,03,12,"£36,121,026",0
2022-09-30,01,02,11,16,26,03,12,"£27,036,551",0
2022-09-27,04,20,21,34,44,01,03,"£15,232,000",0
2022-09-23,14,15,22,35,48,03,08,"£171,815,298",1
2022-09-20,11,21,23,32,48,03,12,"£152,925,599",0
2022-09-16,10,27,36,45,49,03,04,"£140,833,357",0
2022-09-13,09,12,15,40,47,01,11,"£124,482,154",0
2022-09-09,17,23,24,26,27,04,09,"£112,723,000",0
2022-09-06,07,10,22,29,44,04,05,"£14,626,800",0
2022-09-02,07,12,13,20,45,03,12,"£110,978,201",1
2022-08-30,04,06,10,15,19,01,04,"£97,113,219",0
2022-08-26,22,23,25,38,44,11,12,"£86,284,946",0
2022-08-23,19,26,31,39,48,02,03,"£73,999,475",0
2022-08-19,02,09,13,19,38,02,06,"£66,099,798",0
2022-08-16,10,14,25,32,39,07,08,"£55,133,982",0
2022-08-12,14,17,34,35,42,06,10,"£46,494,644",0
2022-08-09,18,19,21,27,47,05,11,"£34,583,514",0
2022-08-05,03,29,33,35,44,08,10,"£25,623,593",0
2022-08-02,07,18,28,40,48,08,11,"£14,220,500",0
2022-07-29,03,23,38,43,48,03,08,"£35,051,148",1
2022-07-26,03,05,17,25,27,01,09,"£23,142,411",0
2022-07-22,16,18,29,32,50,04,11,"£14,482,300",0
2022-07-19,06,23,27,40,41,02,12,"£195,707,000",1
2022-07-15,09,17,29,38,39,07,10,"£195,546,000",0
2022-07-12,14,18,24,25,50,06,11,"£194,189,000",0
2022-07-08,28,31,35,43,46,04,07,"£194,810,000",0
2022-07-05,07,10,25,45,48,03,06,"£185,077,898",0
2022-07-01,06,18,24,34,46,03,12,"£169,466,829",0
2022-06-28,10,35,42,47,48,02,11,"£152,102,048",0
2022-06-24,10,17,28,44,50,08,12,"£138,565,344",0
2022-06-21,06,23,36,39,47,08,10,"£123,428,111",0
2022-06-17,19,21,22,31,38,07,11,"£111,761,000",0
2022-06-14,02,07,27,34,40,03,11,"£14,824,000",0
2022-06-10,17,26,36,37,40,09,12,"£54,957,243",1
2022-06-07,06,16,17,25,31,02,06,"£42,921,837",0
2022-06-03,12,28,29,34,48,09,11,"£34,490,264",0
2022-05-31,03,10,13,42,49,03,09,"£22,894,587",0
2022-05-27,15,23,28,34,48,03,05,"£14,456,800",0
2022-05-24,10,13,27,36,37,02,10,"£43,463,036",1
2022-05-20,08,22,23,32,50,03,09,"£34,161,724",0
2022-05-17,05,28,30,48,49,05,11,"£22,703,208",0
2022-05-13,03,11,17,45,48,04,08,"£14,463,600",0
2022-05-10,03,25,27,28,29,04,09,"£184,262,899",1
2022-05-06,03,08,18,24,40,03,11,"£167,246,203",0
2022-05-03,08,20,26,47,48,03,08,"£146,807,728",0
2022-04-29,10,11,20,36,37,03,07,"£133,283,578",0
2022-04-26,04,25,28,34,45,08,11,"£117,647,597",0
2022-04-22,06,11,21,35,36,01,09,"£105,610,620",0
2022-04-19,02,12,17,28,46,06,10,"£91,127,452",0
2022-04-15,06,24,30,32,48,05,06,"£82,217,272",0
2022-04-12,21,30,31,35,47,02,10,"£72,305,405",0
2022-04-08,01,15,16,38,45,04,11,"£64,389,965",0
2022-04-05,01,11,13,24,49,05,06,"£54,201,384",0
2022-04-01,02,07,21,31,45,04,10,"£45,807,063",0
2022-03-29,08,11,33,42,43,06,11,"£34,147,332",0
2022-03-25,06,10,24,27,29,05,12,"£25,518,127",0
2022-03-22,07,17,21,29,40,08,11,"£14,152,500",0
2022-03-18,01,09,14,17,43,06,12,"£44,997,255",2
2022-03-15,01,02,12,19,26,02,08,"£33,625,791",0
2022-03-11,12,19,22,23,48,02,06,"£25,219,181",0
2022-03-08,12,18,21,25,31,02,09,"£14,154,200",0
2022-03-04,06,20,40,42,43,10,12,"£64,890,075",1
2022-03-01,08,24,26,39,42,03,05,"£55,075,675",0
2022-02-25,10,13,24,30,42,01,05,"£46,332,113",0
2022-02-22,05,09,14,26,32,03,07,"£34,210,472",0
2022-02-18,25,38,41,43,50,06,10,"£25,336,094",0
2022-02-15,09,20,31,33,44,02,12,"£14,281,700",0
2022-02-11,13,18,38,42,45,07,11,"£25,905,357",1
2022-02-08,06,20,34,37,43,07,10,"£14,339,500",0
2022-02-04,03,25,38,43,49,03,07,"£109,915,000",1
2022-02-01,01,19,36,38,49,06,09,"£52,442,757",0
2022-01-28,10,25,29,34,45,09,10,"£42,779,117",0
2022-01-25,06,16,18,39,47,02,04,"£30,632,619",0
2022-01-21,05,14,35,36,39,07,12,"£21,857,937",0
2022-01-18,03,12,19,24,30,02,05,"£56,246,458",1
2022-01-14,06,17,25,31,46,09,12,"£46,600,782",0
2022-01-11,04,23,32,33,44,09,12,"£34,392,715",0
2022-01-07,02,14,37,44,50,07,11,"£25,451,971",0
2022-01-04,18,28,35,36,41,06,11,"£14,189,900",0
2023-12-29,02,03,19,36,37,06,09,"£26,478,414",0
2023-12-26,08,27,30,35,47,09,10,"£14,761,100",0
2023-12-22,06,14,34,44,49,04,12,"£48,293,103",1
2023-12-19,10,20,41,43,45,02,12,"£34,944,314",0
2023-12-15,02,13,37,38,48,05,09,"£26,077,370",0
2023-12-12,06,28,37,39,43,09,12,"£14,613,200",0
2023-12-08,17,30,42,48,50,04,08,"£206,064,000",1
2023-12-05,04,06,20,24,25,05,09,"£187,781,097",0
2023-12-01,04,10,14,38,50,09,12,"£171,360,000",0
2023-11-28,12,16,27,33,44,07,08,"£71,962,515",1
2023-11-24,15,20,29,39,48,01,07,"£64,035,895",0
2023-11-21,19,29,34,46,47,02,03,"£53,979,641",0
2023-11-17,02,24,26,46,50,02,07,"£45,465,075",0
2023-11-14,13,16,36,44,50,03,05,"£33,793,154",0
2023-11-10,10,21,30,38,42,02,12,"£25,756,383",0
2023-11-07,08,10,11,30,39,04,10,"£14,805,300",0
2023-11-03,08,21,31,39,47,05,09,"£27,069,201",1
2023-10-31,05,07,20,40,50,02,10,"£14,812,100",0
2023-10-27,29,33,35,48,49,03,08,"£14,832,500",1
2023-10-24,08,16,18,31,34,06,09,"£22,890,578",1
2023-10-20,02,20,28,40,45,01,05,"£14,822,300",0
2023-10-17,10,17,20,35,40,03,04,"£58,485,999",1
2023-10-13,21,26,28,40,41,02,04,"£49,110,551",0
2023-10-10,18,20,22,33,43,03,09,"£34,588,543",0
2023-10-06,21,29,31,34,43,02,09,"£26,109,833",0
2023-10-03,06,20,22,24,45,04,05,"£14,752,600",0
2023-09-29,09,11,13,21,32,02,07,"£112,723,000",1
2023-09-26,02,06,14,19,23,05,07,"£34,891,934",0
2023-09-22,03,23,24,34,35,05,08,"£26,145,484",0
2023-09-19,10,15,31,41,42,02,05,"£14,657,400",0
2023-09-15,12,14,21,45,48,08,11,"£47,263,990",2
2023-09-12,05,14,36,40,42,02,11,"£34,196,431",0
2023-09-08,10,20,21,26,33,03,04,"£25,673,828",0
2023-09-05,01,07,24,41,48,10,12,"£14,526,500",0
2023-09-01,04,05,35,37,43,05,06,"£93,555,381",1
2023-08-29,21,23,32,40,49,08,11,"£81,076,005",0
2023-08-25,16,17,34,35,44,05,10,"£72,007,686",0
2023-08-22,02,09,23,32,40,06,07,"£60,733,663",0
2023-08-18,23,25,30,44,47,09,12,"£52,979,607",0
2023-08-15,03,05,09,32,43,06,10,"£41,619,162",0
2023-08-11,04,06,10,13,34,03,05,"£33,701,388",0
2023-08-08,08,09,33,35,40,03,06,"£22,733,867",0
2023-08-04,15,20,31,44,48,01,03,"£14,688,000",0
2023-08-01,25,27,35,40,45,07,11,"£62,072,865",1
2023-07-28,07,32,33,34,38,06,09,"£53,782,090",0
2023-07-25,05,07,11,27,37,06,12,"£41,977,767",0
2023-07-21,07,31,33,35,36,07,10,"£33,716,628",0
2023-07-18,04,12,34,35,45,01,09,"£22,669,005",0
2023-07-14,05,08,29,35,48,05,06,"£14,587,700",0
2023-07-11,02,11,28,42,48,04,09,"£62,263,298",2
2023-07-07,02,11,12,19,38,04,08,"£54,578,549",0
2023-07-04,14,17,23,36,44,02,08,"£42,683,435",0
2023-06-30,01,06,25,29,36,07,10,"£33,841,817",0
2023-06-27,17,22,23,27,44,01,07,"£22,677,891",0
2023-06-23,01,03,11,33,46,10,11,"£14,575,800",0
2023-06-20,11,17,28,32,35,05,06,"£55,013,819",1
2023-06-16,07,26,34,41,44,09,11,"£45,828,914",0
2023-06-13,15,16,21,41,50,05,06,"£34,278,403",0
2023-06-09,18,26,36,41,50,11,12,"£25,664,210",0
2023-06-06,13,21,32,39,50,02,10,"£14,642,100",0
2023-06-02,03,12,15,25,43,10,11,"£111,709,000",1
2023-05-30,27,29,32,33,47,02,08,"£75,373,366",0
2023-05-26,15,25,37,38,41,01,07,"£67,468,716",0
2023-05-23,05,06,14,23,34,02,11,"£56,740,038",0
2023-05-19,18,27,34,41,49,03,09,"£47,431,501",0
2023-05-16,04,06,09,14,37,04,11,"£35,570,682",0
2023-05-12,09,10,13,39,44,04,06,"£26,606,452",0
2023-05-09,13,17,21,28,46,07,09,"£14,788,300",0
2023-05-05,03,08,18,34,49,03,07,"£138,628,154",3
2023-05-02,07,32,44,47,48,07,08,"£124,819,178",0
2023-04-28,11,13,16,23,34,01,10,"£113,251,141",0
2023-04-25,10,29,30,40,45,01,12,"£100,207,415",0
2023-04-21,07,08,18,33,42,02,08,"£89,830,507",0
2023-04-18,17,21,23,35,37,10,11,"£76,233,786",0
2023-04-14,04,11,37,44,49,06,07,"£67,887,691",0
2023-04-11,10,14,16,19,29,02,10,"£56,485,517",0
2023-04-07,05,26,28,36,46,06,12,"£47,438,874",0
2023-04-04,10,16,31,33,50,03,08,"£35,463,718",0
2023-03-31,16,18,28,34,47,05,10,"£26,659,604",0
2023-03-28,16,21,34,36,44,09,10,"£14,954,900",0
2023-03-24,05,12,25,36,46,06,10,"£58,372,984",1
2023-03-21,01,09,20,29,32,02,03,"£45,645,985",0
2023-03-17,05,15,26,37,49,08,11,"£35,918,139",0
2023-03-14,16,26,28,31,46,11,12,"£23,965,886",0
2023-03-10,09,16,37,38,48,02,07,"£15,045,000",0
2023-03-07,11,13,24,35,50,06,11,"£129,396,973",1
2023-03-03,03,06,08,24,50,10,11,"£114,855,000",0
2023-02-28,12,29,33,37,47,05,10,"£14,937,900",0
2023-02-24,07,23,34,42,48,01,03,"£90,371,760",1
2023-02-21,21,22,34,41,49,02,07,"£77,415,556",0
2023-02-17,08,23,27,42,45,01,09,"£69,376,023",0
2023-02-14,24,26,38,43,46,02,03,"£55,753,429",0
2023-02-10,03,13,25,36,47,03,08,"£45,930,816",0
2023-02-07,02,08,34,44,47,03,09,"£33,306,456",0
2023-02-03,02,14,17,32,45,03,10,"£24,084,384",0
2023-01-31,07,12,19,33,43,03,07,"£58,309,892",1
2023-01-27,08,09,15,19,31,10,12,"£47,780,702",0
2023-01-24,11,27,41,43,47,07,11,"£35,443,812",0
2023-01-20,03,06,13,40,42,07,11,"£26,337,501",0
2023-01-17,18,21,30,46,50,02,06,"£14,953,200",0
2023-01-13,04,13,25,33,37,05,10,"£60,965,285",1
2023-01-10,11,13,34,40,42,03,10,"£45,400,661",0
2023-01-06,16,31,35,44,45,04,12,"£35,309,699",0
2023-01-03,20,21,29,45,46,03,10,"£23,803,034",0
2024-12-31,19,24,26,28,33,08,12,"£14,081,100",0
2024-12-27,12,22,27,33,45,04,08,"£34,188,089",1
2024-12-24,06,10,16,23,24,11,12,"£23,871,600",0
2024-12-20,10,14,21,33,50,06,09,"£14,108,300",0
2024-12-17,01,03,04,21,29,02,07,"£64,077,706",1
2024-12-13,01,15,25,42,50,04,10,"£56,493,998",0
2024-12-10,05,24,25,29,47,05,09,"£42,059,626",0
2024-12-06,14,25,39,44,47,06,10,"£33,484,744",0
2024-12-03,23,25,34,46,47,06,08,"£22,425,451",0
2024-11-29,08,17,18,29,43,05,09,"£14,128,700",0
2024-11-26,07,11,25,31,40,09,12,"£177,033,699",1
2024-11-22,10,11,12,29,31,08,11,"£161,692,181",0
2024-11-19,04,13,20,28,49,07,12,"£140,419,087",0
2024-11-15,07,08,34,39,44,02,06,"£128,577,965",0
2024-11-12,10,11,12,22,50,01,10,"£114,433,995",0
2024-11-08,02,33,35,42,48,01,03,"£103,665,143",0
2024-11-05,01,08,19,37,50,06,09,"£91,973,310",0
2024-11-01,07,33,38,44,50,02,07,"£82,255,604",0
2024-10-29,01,02,19,30,45,10,12,"£71,368,025",0
2024-10-25,04,17,20,25,45,08,09,"£63,622,199",0
2024-10-22,03,13,27,30,46,01,02,"£52,767,199",0
2024-10-18,04,15,23,30,39,01,12,"£44,214,819",0
2024-10-15,02,15,32,36,48,03,09,"£32,964,079",0
2024-10-11,16,23,32,46,49,04,05,"£24,975,215",0
2024-10-08,07,14,19,34,40,06,08,"£14,263,000",0
2024-10-04,04,08,16,17,20,01,06,"£135,824,926",1
2024-10-01,08,22,29,41,42,09,11,"£120,099,439",0
2024-09-27,07,20,21,27,38,05,12,"£108,576,000",0
2024-09-24,18,20,21,36,49,03,05,"£54,491,831",0
2024-09-20,16,25,29,34,37,03,07,"£45,909,304",0
2024-09-17,20,30,32,41,44,01,10,"£34,996,870",0
2024-09-13,10,15,17,31,42,04,12,"£26,624,239",0
2024-09-10,06,29,46,47,48,02,09,"£14,332,700",0
2024-09-06,12,14,34,41,47,03,04,"£125,920,031",1
2024-09-03,07,09,11,16,45,02,05,"£111,706,402",0
2024-08-30,03,24,27,33,42,04,06,"£100,932,446",0
2024-08-27,01,08,11,42,47,04,11,"£88,587,174",0
2024-08-23,09,15,24,47,50,08,09,"£80,134,912",0
2024-08-20,07,10,13,18,26,03,12,"£70,030,320",0
2024-08-16,15,17,29,45,49,01,10,"£62,021,629",0
2024-08-13,15,16,39,40,47,01,06,"£52,082,902",0
2024-08-09,21,23,25,33,44,04,10,"£43,386,309",0
2024-08-06,01,18,27,41,50,02,12,"£32,811,078",0
2024-08-02,05,07,12,33,46,03,12,"£24,543,900",0
2024-07-30,09,25,28,37,38,02,08,"£14,336,100",0
2024-07-26,04,19,23,35,37,04,08,"£24,145,750",1
2024-07-23,04,08,10,16,34,04,08,"£14,312,300",0
2024-07-19,15,22,35,44,48,06,07,"£44,158,558",2
2024-07-16,02,32,35,36,39,07,08,"£32,439,060",0
2024-07-12,12,18,24,25,39,08,10,"£24,485,102",0
2024-07-09,06,15,19,28,39,07,11,"£14,392,200",0
2024-07-05,11,13,29,31,47,01,11,"£33,078,307",1
2024-07-02,02,07,34,35,46,06,08,"£22,493,319",0
2024-06-28,10,16,18,22,35,01,10,"£14,422,800",0
2024-06-25,14,16,37,45,49,05,07,"£180,756,232",1
2024-06-21,03,04,07,11,17,03,12,"£165,658,649",0
2024-06-18,03,11,33,34,36,01,12,"£148,984,360",0
2024-06-14,02,13,16,24,32,01,07,"£136,146,674",0
2024-06-11,07,15,34,45,48,07,09,"£121,156,630",0
2024-06-07,15,16,26,30,37,05,08,"£110,474,000",0
2024-06-04,06,07,09,14,43,03,04,"£59,838,166",0
2024-05-31,04,07,16,33,34,07,08,"£52,171,704",0
2024-05-28,16,18,35,36,41,06,07,"£40,682,863",0
2024-05-24,09,12,18,22,50,01,03,"£32,523,165",0
2024-05-21,11,13,14,34,48,07,09,"£22,076,027",0
2024-05-17,18,31,32,41,46,01,10,"£14,562,200",0
2024-05-14,02,08,17,28,35,07,09,"£41,933,803",1
2024-05-10,13,28,29,44,48,04,12,"£33,335,763",0
2024-05-07,35,36,41,42,45,06,11,"£22,751,465",0
2024-05-03,06,09,10,30,49,03,04,"£14,597,900",0
2024-04-30,13,22,24,33,47,01,05,"£142,605,492",1
2024-04-26,02,20,39,40,47,04,08,"£130,290,236",0
2024-04-23,06,09,11,32,49,02,10,"£115,318,610",0
2024-04-19,10,20,40,44,46,01,03,"£104,634,780",0
2024-04-16,22,29,31,39,46,03,07,"£90,926,180",0
2024-04-12,02,03,12,16,45,02,11,"£81,652,272",0
2024-04-09,19,23,26,27,46,02,10,"£71,095,344",0
2024-04-05,13,18,26,35,37,08,11,"£63,133,397",0
2024-04-02,01,23,31,36,48,05,08,"£52,991,752",0
2024-03-29,16,17,35,36,49,01,10,"£44,637,566",0
2024-03-26,02,13,14,26,29,05,06,"£33,474,458",0
2024-03-22,08,11,23,32,44,09,10,"£25,257,322",0
2024-03-19,07,16,18,20,32,01,03,"£14,531,600",0
2024-03-15,01,04,31,34,40,04,05,"£111,228,000",1
2024-03-12,13,19,30,38,46,04,12,"£62,319,725",0
2024-03-08,08,11,12,16,44,04,07,"£54,258,756",0
2024-03-05,02,15,17,23,36,03,08,"£42,534,485",0
2024-03-01,04,07,19,20,34,02,04,"£33,832,786",0
2024-02-27,03,04,09,12,20,05,06,"£22,668,447",0
2024-02-23,24,27,28,30,49,01,12,"£14,529,900",0
2024-02-20,23,31,37,42,48,03,07,"£62,959,762",1
2024-02-16,08,13,14,24,26,01,02,"£54,947,313",0
2024-02-13,13,17,18,20,46,04,09,"£42,755,567",0
2024-02-09,23,24,35,37,45,09,12,"£34,071,155",0
2024-02-06,02,07,21,28,45,05,11,"£22,793,244",0
2024-02-02,13,20,23,27,42,05,09,"£14,535,000",0
2024-01-30,05,10,19,27,30,05,06,"£123,416,462",2
2024-01-26,08,19,32,41,42,09,12,"£111,176,000",0
2024-01-23,14,23,39,48,50,03,12,"£14,548,600",0
2024-01-19,27,28,44,48,50,07,12,"£14,596,200",1
2024-01-16,10,18,21,33,45,08,12,"£75,779,937",1
2024-01-12,16,17,18,45,49,09,12,"£67,303,737",0
2024-01-09,02,09,12,39,40,01,03,"£55,675,221",0
2024-01-05,04,07,18,39,50,03,08,"£46,379,442",0
2024-01-02,07,15,18,46,49,10,12,"£34,818,330",0
2025-10-28,07,08,24,35,49,02,12,"£54,999,780",0
2025-10-24,07,08,25,31,45,07,12,"£45,681,300",0
2025-10-21,05,24,29,40,42,06,12,"£33,950,861",0
2025-10-17,13,35,39,44,47,03,05,"£25,559,255",0
2025-10-14,05,08,14,16,18,03,10,"£14,817,200",0
2025-10-10,06,07,17,20,21,01,10,"£25,701,358",1
2025-10-07,24,39,42,43,48,05,08,"£14,773,000",0
2025-10-03,06,12,18,25,41,02,06,"£26,038,157",1
2025-09-30,03,08,15,17,48,02,08,"£14,852,900",0
2025-09-26,04,17,25,28,44,05,11,"£113,568,000",1
2025-09-23,11,13,24,29,33,02,05,"£56,128,723",0
2025-09-19,08,10,26,32,42,09,12,"£46,564,196",0
2025-09-16,01,09,13,35,40,05,06,"£34,718,425",0
2025-09-12,05,10,23,31,37,03,11,"£25,768,241",0
2025-09-09,03,13,24,39,40,02,08,"£14,732,200",0
2025-09-05,27,30,31,41,43,05,08,"£56,681,384",1
2025-09-02,13,30,31,32,36,01,12,"£44,408,792",0
2025-08-29,06,09,10,13,37,01,07,"£34,757,748",0
2025-08-26,02,14,38,42,45,10,11,"£23,177,179",0
2025-08-22,06,09,12,30,39,04,10,"£14,745,800",0
2025-08-19,24,31,34,41,43,06,08,"£216,150,000",1
2025-08-15,13,30,35,36,40,02,06,"£200,645,465",0
2025-08-12,18,28,42,46,48,03,09,"£184,536,067",0
2025-08-08,02,12,19,34,44,06,10,"£171,118,004",0
2025-08-05,01,03,05,42,47,05,10,"£156,693,569",0
2025-08-01,04,16,25,29,30,02,10,"£145,228,808",0
2025-07-29,05,06,42,44,46,04,08,"£130,116,570",0
2025-07-25,06,07,23,32,36,11,12,"£120,532,068",0
2025-07-22,08,15,26,33,41,09,10,"£107,138,894",0
2025-07-18,13,19,25,42,45,02,09,"£96,797,541",0
2025-07-15,24,38,41,45,49,01,06,"£84,014,945",0
2025-07-11,08,23,24,45,49,02,10,"£75,185,800",0
2025-07-08,01,08,09,18,50,01,05,"£64,367,280",0
2025-07-04,19,29,42,45,48,05,07,"£56,006,015",0
2025-07-01,01,17,28,32,34,07,08,"£43,818,269",0
2025-06-27,19,27,36,45,49,07,10,"£34,475,868",0
2025-06-24,07,16,21,23,39,07,11,"£22,994,509",0
2025-06-20,05,08,24,37,47,03,09,"£14,569,000",0
2025-06-17,13,22,23,44,49,03,05,"£213,650,000",1
2025-06-13,02,28,40,43,45,03,07,"£212,575,000",0
2025-06-10,19,36,39,40,45,05,06,"£211,875,000",0
2025-06-06,20,21,29,30,35,02,12,"£210,775,000",0
2025-06-03,12,15,38,47,48,05,07,"£201,083,864",0
2025-05-30,04,07,14,33,36,01,05,"£184,193,289",0
2025-05-27,12,30,38,40,41,04,12,"£166,329,474",0
2025-05-23,10,29,43,46,49,07,12,"£153,225,546",0
2025-05-20,01,08,13,29,47,05,06,"£139,135,511",0
2025-05-16,06,09,25,37,46,06,12,"£127,273,727",0
2025-05-13,09,19,44,47,50,02,09,"£113,923,081",0
2025-05-09,15,18,25,29,47,05,09,"£104,104,433",0
2025-05-06,08,23,24,47,48,04,09,"£92,054,251",0
2025-05-02,03,05,19,21,49,01,10,"£82,880,184",0
2025-04-29,02,09,24,30,41,01,11,"£71,243,649",0
2025-04-25,13,22,32,39,41,01,12,"£63,560,012",0
2025-04-22,07,28,33,37,47,09,12,"£53,570,179",0
2025-04-18,20,27,35,39,48,03,08,"£45,027,369",0
2025-04-15,03,31,33,38,44,06,12,"£33,794,376",0
2025-04-11,14,28,34,46,49,03,08,"£25,709,199",0
2025-04-08,03,14,15,48,49,01,07,"£14,594,500",0
2025-04-04,27,39,41,45,50,05,07,"£25,602,915",1
2025-04-01,09,24,30,46,49,04,12,"£14,213,700",0
2025-03-28,10,21,30,42,45,01,09,"£209,300,000",1
2025-03-25,01,03,18,33,36,02,06,"£183,946,479",0
2025-03-21,09,17,18,21,50,05,12,"£168,069,397",0
2025-03-18,04,09,35,46,50,08,11,"£151,084,676",0
2025-03-14,08,10,33,35,49,02,09,"£137,561,429",0
2025-03-11,13,36,37,42,47,07,11,"£121,975,243",0
2025-03-07,06,10,27,32,48,03,08,"£109,187,000",0
2025-03-04,15,20,29,35,42,02,09,"£14,123,600",0
2025-02-28,07,16,31,43,46,05,09,"£43,285,890",1
2025-02-25,17,22,23,24,44,06,11,"£32,322,607",0
2025-02-21,01,03,11,20,43,02,11,"£24,259,190",0
2025-02-18,05,14,25,26,40,05,07,"£14,108,300",0
2025-02-14,04,14,31,36,38,03,10,"£65,341,621",1
2025-02-11,03,21,36,41,46,01,06,"£53,555,254",0
2025-02-07,10,23,24,29,45,08,10,"£44,444,737",0
2025-02-04,03,04,29,39,43,05,10,"£33,048,456",0
2025-01-31,22,30,41,44,49,02,07,"£24,863,884",0
2025-01-28,09,37,41,42,49,01,09,"£14,268,100",0
2025-01-24,02,11,19,30,49,03,08,"£83,474,082",1
2025-01-21,06,08,14,27,41,04,05,"£72,694,900",0
2025-01-17,08,15,24,35,42,06,08,"£64,403,626",0
2025-01-14,18,20,29,41,48,05,09,"£53,997,370",0
2025-01-10,12,27,36,37,42,06,07,"£44,419,556",0
2025-01-07,20,33,35,41,47,04,12,"£32,480,651",0
2025-01-03,03,19,29,35,37,01,09,"£24,174,526",0
